Using pre-set license
Built from '2022.3/respin/2022.3.62f2-4af31df585-v2' branch; Version is '2022.3.62f3 (96770f904ca7) revision 9860879'; Using compiler version '192829333'; Build Type 'Release'
OS: 'Windows 10  (10.0.19045) 64bit Professional' Language: 'zh' Physical Memory: 65277 MB
BatchMode: 1, IsHumanControllingUs: 0, StartBugReporterOnCrash: 0, Is64bit: 1, IsPro: 1

COMMAND LINE ARGUMENTS:
C:\Program Files\Unity\Hub\Editor\2022.3.62f3\Editor\Unity.exe
-adb2
-batchMode
-noUpm
-name
AssetImportWorker0
-projectPath
F:/SelfMaj/AIdeaProj/AIdeadClient
-logFile
Logs/AssetImportWorker0.log
-srvPort
64866
Successfully changed project path to: F:/SelfMaj/AIdeaProj/AIdeadClient
F:/SelfMaj/AIdeaProj/AIdeadClient
[UnityMemory] Configuration Parameters - Can be set up in boot.config
    "memorysetup-bucket-allocator-granularity=16"
    "memorysetup-bucket-allocator-bucket-count=8"
    "memorysetup-bucket-allocator-block-size=33554432"
    "memorysetup-bucket-allocator-block-count=8"
    "memorysetup-main-allocator-block-size=16777216"
    "memorysetup-thread-allocator-block-size=16777216"
    "memorysetup-gfx-main-allocator-block-size=16777216"
    "memorysetup-gfx-thread-allocator-block-size=16777216"
    "memorysetup-cache-allocator-block-size=4194304"
    "memorysetup-typetree-allocator-block-size=2097152"
    "memorysetup-profiler-bucket-allocator-granularity=16"
    "memorysetup-profiler-bucket-allocator-bucket-count=8"
    "memorysetup-profiler-bucket-allocator-block-size=33554432"
    "memorysetup-profiler-bucket-allocator-block-count=8"
    "memorysetup-profiler-allocator-block-size=16777216"
    "memorysetup-profiler-editor-allocator-block-size=1048576"
    "memorysetup-temp-allocator-size-main=16777216"
    "memorysetup-job-temp-allocator-block-size=2097152"
    "memorysetup-job-temp-allocator-block-size-background=1048576"
    "memorysetup-job-temp-allocator-reduction-small-platforms=262144"
    "memorysetup-allocator-temp-initial-block-size-main=262144"
    "memorysetup-allocator-temp-initial-block-size-worker=262144"
    "memorysetup-temp-allocator-size-background-worker=32768"
    "memorysetup-temp-allocator-size-job-worker=262144"
    "memorysetup-temp-allocator-size-preload-manager=33554432"
    "memorysetup-temp-allocator-size-nav-mesh-worker=65536"
    "memorysetup-temp-allocator-size-audio-worker=65536"
    "memorysetup-temp-allocator-size-cloud-worker=32768"
    "memorysetup-temp-allocator-size-gi-baking-worker=262144"
    "memorysetup-temp-allocator-size-gfx=262144"
Player connection [36484]  Target information:

Player connection [36484]  * "[IP] 10.200.66.151 [Port] 0 [Flags] 2 [Guid] 4176116760 [EditorId] 4176116760 [Version] 1048832 [Id] WindowsEditor(7,DESKTOP-895TTMT) [Debug] 1 [PackageName] WindowsEditor [ProjectName] Editor" 

Player connection [36484] Host joined multi-casting on [225.0.0.222:54997]...
Player connection [36484] Host joined alternative multi-casting on [225.0.0.222:34997]...
Input System module state changed to: Initialized.
[PhysX] Initialized MultithreadedTaskDispatcher with 20 workers.
Refreshing native plugins compatible for Editor in 9.62 ms, found 5 plugins.
Preloading 0 native plugins for Editor in 0.00 ms.
Initialize engine version: 2022.3.62f3 (96770f904ca7)
[Subsystems] Discovering subsystems at path C:/Program Files/Unity/Hub/Editor/2022.3.62f3/Editor/Data/Resources/UnitySubsystems
[Subsystems] Discovering subsystems at path F:/SelfMaj/AIdeaProj/AIdeadClient/Assets
GfxDevice: creating device client; threaded=0; jobified=0
Direct3D:
    Version:  Direct3D 11.0 [level 11.1]
    Renderer: NVIDIA GeForce RTX 4060 Ti (ID=0x2805)
    Vendor:   NVIDIA
    VRAM:     16107 MB
    Driver:   32.0.15.9174
Initialize mono
Mono path[0] = 'C:/Program Files/Unity/Hub/Editor/2022.3.62f3/Editor/Data/Managed'
Mono path[1] = 'C:/Program Files/Unity/Hub/Editor/2022.3.62f3/Editor/Data/MonoBleedingEdge/lib/mono/unityjit-win32'
Mono config path = 'C:/Program Files/Unity/Hub/Editor/2022.3.62f3/Editor/Data/MonoBleedingEdge/etc'
Using monoOptions --debugger-agent=transport=dt_socket,embedding=1,server=y,suspend=n,address=127.0.0.1:56396
Begin MonoManager ReloadAssembly
Registering precompiled unity dll's ...
Register platform support module: C:/Program Files/Unity/Hub/Editor/2022.3.62f3/Editor/Data/PlaybackEngines/AndroidPlayer/UnityEditor.Android.Extensions.dll
Register platform support module: C:/Program Files/Unity/Hub/Editor/2022.3.62f3/Editor/Data/PlaybackEngines/WindowsStandaloneSupport/UnityEditor.WindowsStandalone.Extensions.dll
Registered in 0.012439 seconds.
- Loaded All Assemblies, in  0.418 seconds
Native extension for WindowsStandalone target not found
Native extension for Android target not found
Android Extension - Scanning For ADB Devices 316 ms
Mono: successfully reloaded assembly
- Finished resetting the current domain, in  0.686 seconds
Domain Reload Profiling: 1102ms
	BeginReloadAssembly (124ms)
		ExecutionOrderSort (0ms)
		DisableScriptedObjects (0ms)
		BackupInstance (0ms)
		ReleaseScriptingObjects (0ms)
		CreateAndSetChildDomain (1ms)
	RebuildCommonClasses (39ms)
	RebuildNativeTypeToScriptingClass (12ms)
	initialDomainReloadingComplete (73ms)
	LoadAllAssembliesAndSetupDomain (167ms)
		LoadAssemblies (122ms)
		RebuildTransferFunctionScriptingTraits (0ms)
		AnalyzeDomain (164ms)
			TypeCache.Refresh (162ms)
				TypeCache.ScanAssembly (148ms)
			ScanForSourceGeneratedMonoScriptInfo (0ms)
			ResolveRequiredComponents (1ms)
	FinalizeReload (687ms)
		ReleaseScriptCaches (0ms)
		RebuildScriptCaches (0ms)
		SetupLoadedEditorAssemblies (630ms)
			LogAssemblyErrors (0ms)
			InitializePlatformSupportModulesInManaged (412ms)
			SetLoadedEditorAssemblies (6ms)
			RefreshPlugins (0ms)
			BeforeProcessingInitializeOnLoad (4ms)
			ProcessInitializeOnLoadAttributes (145ms)
			ProcessInitializeOnLoadMethodAttributes (64ms)
			AfterProcessingInitializeOnLoad (0ms)
			EditorAssembliesLoaded (0ms)
		ExecutionOrderSort2 (0ms)
		AwakeInstancesAfterBackupRestoration (0ms)
========================================================================
Worker process is ready to serve import requests
Caller must complete domain reload
Begin MonoManager ReloadAssembly
- Loaded All Assemblies, in  0.874 seconds
Native extension for WindowsStandalone target not found
Native extension for Android target not found
Mono: successfully reloaded assembly
- Finished resetting the current domain, in  1.010 seconds
Domain Reload Profiling: 1883ms
	BeginReloadAssembly (172ms)
		ExecutionOrderSort (0ms)
		DisableScriptedObjects (7ms)
		BackupInstance (0ms)
		ReleaseScriptingObjects (0ms)
		CreateAndSetChildDomain (23ms)
	RebuildCommonClasses (36ms)
	RebuildNativeTypeToScriptingClass (12ms)
	initialDomainReloadingComplete (51ms)
	LoadAllAssembliesAndSetupDomain (600ms)
		LoadAssemblies (428ms)
		RebuildTransferFunctionScriptingTraits (0ms)
		AnalyzeDomain (272ms)
			TypeCache.Refresh (223ms)
				TypeCache.ScanAssembly (203ms)
			ScanForSourceGeneratedMonoScriptInfo (34ms)
			ResolveRequiredComponents (13ms)
	FinalizeReload (1011ms)
		ReleaseScriptCaches (0ms)
		RebuildScriptCaches (0ms)
		SetupLoadedEditorAssemblies (794ms)
			LogAssemblyErrors (0ms)
			InitializePlatformSupportModulesInManaged (25ms)
			SetLoadedEditorAssemblies (5ms)
			RefreshPlugins (0ms)
			BeforeProcessingInitializeOnLoad (158ms)
			ProcessInitializeOnLoadAttributes (489ms)
			ProcessInitializeOnLoadMethodAttributes (107ms)
			AfterProcessingInitializeOnLoad (10ms)
			EditorAssembliesLoaded (0ms)
		ExecutionOrderSort2 (0ms)
		AwakeInstancesAfterBackupRestoration (16ms)
Launched and connected shader compiler UnityShaderCompiler.exe after 0.04 seconds
Refreshing native plugins compatible for Editor in 1.74 ms, found 5 plugins.
Preloading 0 native plugins for Editor in 0.00 ms.
Unloading 6031 Unused Serialized files (Serialized files now loaded: 0)
Unloading 77 unused Assets / (3.6 MB). Loaded Objects now: 6459.
Memory consumption went from 221.1 MB to 217.5 MB.
Total: 3.741800 ms (FindLiveObjects: 0.340600 ms CreateObjectMapping: 0.230800 ms MarkObjects: 2.156200 ms  DeleteObjects: 1.012900 ms)

AssetImportParameters requested are different than current active one (requested -> active):
  custom:container-demuxer-ogg: 62fdf1f143b41e24485cea50d1cbac27 -> 
  custom:video-decoder-ogg-theora: a1e56fd34408186e4bbccfd4996cb3dc -> 
  custom:framework-win-MediaFoundation: 216162199b28c13a410421893ffa2e32 -> 
  custom:CustomObjectIndexerAttribute: 72b91833f83ae208fae7752999fa3104 -> 
  custom:container-demuxer-webm: 4f35f7cbe854078d1ac9338744f61a02 -> 
  custom:container-muxer-webm: aa71ff27fc2769a1b78a27578f13a17b -> 
  custom:video-decoder-webm-vp8: 9c59270c3fd7afecdb556c50c9e8de78 -> 
  custom:SearchIndexIgnoredProperties: e643bd26f0fe6173181afceb89e7c659 -> 
  custom:AudioImporter_EditorPlatform: d09bf68614088b80899f8185d706f6e7 -> 
  custom:video-encoder-webm-vp8: eb34c28f22e8b96e1ab97ce403110664 -> 
  custom:audio-decoder-ogg-vorbis: bf7c407c2cedff20999df2af8eb42d56 -> 
  custom:audio-encoder-webm-vorbis: bf7c407c2cedff20999df2af8eb42d56 -> 
========================================================================
Received Prepare
Caller must complete domain reload
Begin MonoManager ReloadAssembly
- Loaded All Assemblies, in  1.033 seconds
Native extension for WindowsStandalone target not found
Native extension for Android target not found
Mono: successfully reloaded assembly
- Finished resetting the current domain, in  1.000 seconds
Domain Reload Profiling: 2032ms
	BeginReloadAssembly (606ms)
		ExecutionOrderSort (0ms)
		DisableScriptedObjects (434ms)
		BackupInstance (0ms)
		ReleaseScriptingObjects (0ms)
		CreateAndSetChildDomain (42ms)
	RebuildCommonClasses (40ms)
	RebuildNativeTypeToScriptingClass (13ms)
	initialDomainReloadingComplete (37ms)
	LoadAllAssembliesAndSetupDomain (336ms)
		LoadAssemblies (405ms)
		RebuildTransferFunctionScriptingTraits (0ms)
		AnalyzeDomain (24ms)
			TypeCache.Refresh (8ms)
				TypeCache.ScanAssembly (0ms)
			ScanForSourceGeneratedMonoScriptInfo (0ms)
			ResolveRequiredComponents (14ms)
	FinalizeReload (1001ms)
		ReleaseScriptCaches (0ms)
		RebuildScriptCaches (0ms)
		SetupLoadedEditorAssemblies (741ms)
			LogAssemblyErrors (0ms)
			InitializePlatformSupportModulesInManaged (25ms)
			SetLoadedEditorAssemblies (5ms)
			RefreshPlugins (0ms)
			BeforeProcessingInitializeOnLoad (159ms)
			ProcessInitializeOnLoadAttributes (447ms)
			ProcessInitializeOnLoadMethodAttributes (94ms)
			AfterProcessingInitializeOnLoad (10ms)
			EditorAssembliesLoaded (0ms)
		ExecutionOrderSort2 (0ms)
		AwakeInstancesAfterBackupRestoration (26ms)
Refreshing native plugins compatible for Editor in 4.16 ms, found 5 plugins.
Preloading 0 native plugins for Editor in 0.00 ms.
Unloading 5919 Unused Serialized files (Serialized files now loaded: 0)
Unloading 64 unused Assets / (3.5 MB). Loaded Objects now: 6466.
Memory consumption went from 205.1 MB to 201.5 MB.
Total: 6.212100 ms (FindLiveObjects: 0.843300 ms CreateObjectMapping: 0.473100 ms MarkObjects: 3.161700 ms  DeleteObjects: 1.732700 ms)

Prepare: number of updated asset objects reloaded= 0
AssetImportParameters requested are different than current active one (requested -> active):
  custom:container-demuxer-ogg: 62fdf1f143b41e24485cea50d1cbac27 -> 
  custom:video-decoder-ogg-theora: a1e56fd34408186e4bbccfd4996cb3dc -> 
  custom:framework-win-MediaFoundation: 216162199b28c13a410421893ffa2e32 -> 
  custom:CustomObjectIndexerAttribute: 72b91833f83ae208fae7752999fa3104 -> 
  custom:container-demuxer-webm: 4f35f7cbe854078d1ac9338744f61a02 -> 
  custom:container-muxer-webm: aa71ff27fc2769a1b78a27578f13a17b -> 
  custom:video-decoder-webm-vp8: 9c59270c3fd7afecdb556c50c9e8de78 -> 
  custom:SearchIndexIgnoredProperties: e643bd26f0fe6173181afceb89e7c659 -> 
  custom:AudioImporter_EditorPlatform: d09bf68614088b80899f8185d706f6e7 -> 
  custom:video-encoder-webm-vp8: eb34c28f22e8b96e1ab97ce403110664 -> 
  custom:audio-decoder-ogg-vorbis: bf7c407c2cedff20999df2af8eb42d56 -> 
  custom:audio-encoder-webm-vorbis: bf7c407c2cedff20999df2af8eb42d56 -> 
========================================================================
Received Import Request.
  Time since last request: 24624.422259 seconds.
  path: Assets/Scenes/ThreeMatchScene.unity
  artifactKey: Guid(6f9de1d072218eb4b9132723139efdf0) Importer(815301076,1909f56bfc062723c751e8b465ee728b)
Start importing Assets/Scenes/ThreeMatchScene.unity using Guid(6f9de1d072218eb4b9132723139efdf0) Importer(815301076,1909f56bfc062723c751e8b465ee728b) [PhysX] Initialized MultithreadedTaskDispatcher with 20 workers.
 -> (artifact id: 'e949478de052ad761025ec9e27b0be07') in 0.003432 seconds
Number of updated asset objects reloaded before import = 0
Number of asset objects unloaded after import = 0
========================================================================
Received Import Request.
  Time since last request: 29.316714 seconds.
  path: Assets/Scripts/ThreeMatch
  artifactKey: Guid(c392241e0f7a3b84fb64c59ff49df184) Importer(815301076,1909f56bfc062723c751e8b465ee728b)
Start importing Assets/Scripts/ThreeMatch using Guid(c392241e0f7a3b84fb64c59ff49df184) Importer(815301076,1909f56bfc062723c751e8b465ee728b) [PhysX] Initialized MultithreadedTaskDispatcher with 20 workers.
 -> (artifact id: 'ea0b80df05785d59ace09b07ecb32d2b') in 0.000988 seconds
Number of updated asset objects reloaded before import = 0
Number of asset objects unloaded after import = 0
========================================================================
Received Import Request.
  Time since last request: 10.694677 seconds.
  path: Assets/ThreeMatch
  artifactKey: Guid(58a2243ba286ea344be3c9406d212d85) Importer(815301076,1909f56bfc062723c751e8b465ee728b)
Start importing Assets/ThreeMatch using Guid(58a2243ba286ea344be3c9406d212d85) Importer(815301076,1909f56bfc062723c751e8b465ee728b) [PhysX] Initialized MultithreadedTaskDispatcher with 20 workers.
 -> (artifact id: '516cb77f6f8e1e1e14be8dc0a9cc5456') in 0.000992 seconds
Number of updated asset objects reloaded before import = 0
Number of asset objects unloaded after import = 0
========================================================================
Received Import Request.
  Time since last request: 17.716585 seconds.
  path: Assets/ThreeMatch/Scripts
  artifactKey: Guid(c392241e0f7a3b84fb64c59ff49df184) Importer(815301076,1909f56bfc062723c751e8b465ee728b)
Start importing Assets/ThreeMatch/Scripts using Guid(c392241e0f7a3b84fb64c59ff49df184) Importer(815301076,1909f56bfc062723c751e8b465ee728b) [PhysX] Initialized MultithreadedTaskDispatcher with 20 workers.
 -> (artifact id: 'e8438ec4041650fd3b3d7cb8dba9758a') in 0.000569 seconds
Number of updated asset objects reloaded before import = 0
Number of asset objects unloaded after import = 0
========================================================================
Received Import Request.
  Time since last request: 6.166008 seconds.
  path: Assets/ThreeMatch/Prefab
  artifactKey: Guid(44c1c697ec799df46b5a96a3864c48b3) Importer(815301076,1909f56bfc062723c751e8b465ee728b)
Start importing Assets/ThreeMatch/Prefab using Guid(44c1c697ec799df46b5a96a3864c48b3) Importer(815301076,1909f56bfc062723c751e8b465ee728b) [PhysX] Initialized MultithreadedTaskDispatcher with 20 workers.
 -> (artifact id: '4c23efa54a7b196cefde88a8a253cb52') in 0.001066 seconds
Number of updated asset objects reloaded before import = 0
Number of asset objects unloaded after import = 0
========================================================================
Received Import Request.
  Time since last request: 59.108453 seconds.
  path: Assets/ThreeMatch/Image
  artifactKey: Guid(aedba781ac9974c45a3d23da2856b78f) Importer(815301076,1909f56bfc062723c751e8b465ee728b)
Start importing Assets/ThreeMatch/Image using Guid(aedba781ac9974c45a3d23da2856b78f) Importer(815301076,1909f56bfc062723c751e8b465ee728b) [PhysX] Initialized MultithreadedTaskDispatcher with 20 workers.
 -> (artifact id: 'd962459772fb3450a1f035cebceebcaf') in 0.000592 seconds
Number of updated asset objects reloaded before import = 0
Number of asset objects unloaded after import = 0
========================================================================
Received Import Request.
  Time since last request: 8.846520 seconds.
  path: Assets/ThreeMatch/Image/ui_square_0.png
  artifactKey: Guid(fadf61f5ce91dd44eb6c3541db3ac521) Importer(815301076,1909f56bfc062723c751e8b465ee728b)
Start importing Assets/ThreeMatch/Image/ui_square_0.png using Guid(fadf61f5ce91dd44eb6c3541db3ac521) Importer(815301076,1909f56bfc062723c751e8b465ee728b) [PhysX] Initialized MultithreadedTaskDispatcher with 20 workers.
[PhysX] Initialized MultithreadedTaskDispatcher with 20 workers.
 -> (artifact id: '26a5adf097cc6882841d6d90d02f316d') in 0.102420 seconds
Number of updated asset objects reloaded before import = 0
Number of asset objects unloaded after import = 3
========================================================================
Received Import Request.
  Time since last request: 138.854584 seconds.
  path: Assets/ThreeMatch/Level
  artifactKey: Guid(977defd154cf7c243a8d0c5218a045ec) Importer(815301076,1909f56bfc062723c751e8b465ee728b)
Start importing Assets/ThreeMatch/Level using Guid(977defd154cf7c243a8d0c5218a045ec) Importer(815301076,1909f56bfc062723c751e8b465ee728b) [PhysX] Initialized MultithreadedTaskDispatcher with 20 workers.
 -> (artifact id: '23201a6f404a45ef78a85863cf0a5d8d') in 0.000865 seconds
Number of updated asset objects reloaded before import = 0
Number of asset objects unloaded after import = 0
========================================================================
Received Import Request.
  Time since last request: 61.753941 seconds.
  path: Assets/ThreeMatch/Doc
  artifactKey: Guid(a821c51031aa019488687cfab4e7c030) Importer(815301076,1909f56bfc062723c751e8b465ee728b)
Start importing Assets/ThreeMatch/Doc using Guid(a821c51031aa019488687cfab4e7c030) Importer(815301076,1909f56bfc062723c751e8b465ee728b) [PhysX] Initialized MultithreadedTaskDispatcher with 20 workers.
 -> (artifact id: '13ae5c06cb7a3a8deebdb80ceb7ed0c2') in 0.000783 seconds
Number of updated asset objects reloaded before import = 0
Number of asset objects unloaded after import = 0
========================================================================
Received Import Request.
  Time since last request: 5.836550 seconds.
  path: Assets/ThreeMatch/ThreeMatchScene.unity
  artifactKey: Guid(6f9de1d072218eb4b9132723139efdf0) Importer(815301076,1909f56bfc062723c751e8b465ee728b)
Start importing Assets/ThreeMatch/ThreeMatchScene.unity using Guid(6f9de1d072218eb4b9132723139efdf0) Importer(815301076,1909f56bfc062723c751e8b465ee728b) [PhysX] Initialized MultithreadedTaskDispatcher with 20 workers.
 -> (artifact id: '3c89d988050827246557813c7f73c019') in 0.000538 seconds
Number of updated asset objects reloaded before import = 0
Number of asset objects unloaded after import = 0
========================================================================
Received Import Request.
  Time since last request: 353.016416 seconds.
  path: Assets/ThreeMatch/Scripts/BoardMgr.cs
  artifactKey: Guid(78614cf31d98f2245b377bef5b52d1d7) Importer(815301076,1909f56bfc062723c751e8b465ee728b)
Start importing Assets/ThreeMatch/Scripts/BoardMgr.cs using Guid(78614cf31d98f2245b377bef5b52d1d7) Importer(815301076,1909f56bfc062723c751e8b465ee728b) [PhysX] Initialized MultithreadedTaskDispatcher with 20 workers.
 -> (artifact id: 'b12a1d6ddcbb45f8e500eaee8e0bb650') in 0.000807 seconds
Number of updated asset objects reloaded before import = 0
Number of asset objects unloaded after import = 0
========================================================================
Received Prepare
Caller must complete domain reload
Begin MonoManager ReloadAssembly
- Loaded All Assemblies, in  0.630 seconds
Native extension for WindowsStandalone target not found
Native extension for Android target not found
Mono: successfully reloaded assembly
- Finished resetting the current domain, in  1.411 seconds
Domain Reload Profiling: 2038ms
	BeginReloadAssembly (179ms)
		ExecutionOrderSort (0ms)
		DisableScriptedObjects (14ms)
		BackupInstance (0ms)
		ReleaseScriptingObjects (0ms)
		CreateAndSetChildDomain (39ms)
	RebuildCommonClasses (37ms)
	RebuildNativeTypeToScriptingClass (14ms)
	initialDomainReloadingComplete (37ms)
	LoadAllAssembliesAndSetupDomain (360ms)
		LoadAssemblies (399ms)
		RebuildTransferFunctionScriptingTraits (0ms)
		AnalyzeDomain (53ms)
			TypeCache.Refresh (12ms)
				TypeCache.ScanAssembly (0ms)
			ScanForSourceGeneratedMonoScriptInfo (26ms)
			ResolveRequiredComponents (14ms)
	FinalizeReload (1411ms)
		ReleaseScriptCaches (0ms)
		RebuildScriptCaches (0ms)
		SetupLoadedEditorAssemblies (725ms)
			LogAssemblyErrors (0ms)
			InitializePlatformSupportModulesInManaged (27ms)
			SetLoadedEditorAssemblies (5ms)
			RefreshPlugins (0ms)
			BeforeProcessingInitializeOnLoad (158ms)
			ProcessInitializeOnLoadAttributes (437ms)
			ProcessInitializeOnLoadMethodAttributes (88ms)
			AfterProcessingInitializeOnLoad (10ms)
			EditorAssembliesLoaded (0ms)
		ExecutionOrderSort2 (0ms)
		AwakeInstancesAfterBackupRestoration (23ms)
Refreshing native plugins compatible for Editor in 3.41 ms, found 5 plugins.
Preloading 0 native plugins for Editor in 0.00 ms.
Unloading 5920 Unused Serialized files (Serialized files now loaded: 0)
Unloading 64 unused Assets / (3.6 MB). Loaded Objects now: 6479.
Memory consumption went from 209.2 MB to 205.7 MB.
Total: 5.128800 ms (FindLiveObjects: 0.734000 ms CreateObjectMapping: 0.192400 ms MarkObjects: 2.784600 ms  DeleteObjects: 1.416300 ms)

Prepare: number of updated asset objects reloaded= 0
AssetImportParameters requested are different than current active one (requested -> active):
  custom:container-demuxer-ogg: 62fdf1f143b41e24485cea50d1cbac27 -> 
  custom:video-decoder-ogg-theora: a1e56fd34408186e4bbccfd4996cb3dc -> 
  custom:framework-win-MediaFoundation: 216162199b28c13a410421893ffa2e32 -> 
  custom:CustomObjectIndexerAttribute: 72b91833f83ae208fae7752999fa3104 -> 
  custom:container-demuxer-webm: 4f35f7cbe854078d1ac9338744f61a02 -> 
  custom:container-muxer-webm: aa71ff27fc2769a1b78a27578f13a17b -> 
  custom:video-decoder-webm-vp8: 9c59270c3fd7afecdb556c50c9e8de78 -> 
  custom:SearchIndexIgnoredProperties: e643bd26f0fe6173181afceb89e7c659 -> 
  custom:AudioImporter_EditorPlatform: d09bf68614088b80899f8185d706f6e7 -> 
  custom:scripting/monoscript/fileName/BoardMgr.cs: 916dc321bec899e84da6ee739b074ed8 -> 
  custom:video-encoder-webm-vp8: eb34c28f22e8b96e1ab97ce403110664 -> 
  custom:audio-decoder-ogg-vorbis: bf7c407c2cedff20999df2af8eb42d56 -> 
  custom:audio-encoder-webm-vorbis: bf7c407c2cedff20999df2af8eb42d56 -> 
  custom:scripting/precompiled-assembly-types:Assembly-CSharp: d4bcf4a589b7fa61e5826cafbf521aee -> a5db5a0e506a1143112a7a8bcc82317c
========================================================================
Received Import Request.
  Time since last request: 15.394351 seconds.
  path: Assets/ThreeMatch/Scripts/BoardMgr.cs
  artifactKey: Guid(78614cf31d98f2245b377bef5b52d1d7) Importer(815301076,1909f56bfc062723c751e8b465ee728b)
Start importing Assets/ThreeMatch/Scripts/BoardMgr.cs using Guid(78614cf31d98f2245b377bef5b52d1d7) Importer(815301076,1909f56bfc062723c751e8b465ee728b) [PhysX] Initialized MultithreadedTaskDispatcher with 20 workers.
 -> (artifact id: 'e14d50c839693b83dd759008649b38d0') in 0.002693 seconds
Number of updated asset objects reloaded before import = 0
Number of asset objects unloaded after import = 0
========================================================================
Received Import Request.
  Time since last request: 4.763824 seconds.
  path: Assets/ThreeMatch/Scripts/ThreeBoardMgr.cs
  artifactKey: Guid(78614cf31d98f2245b377bef5b52d1d7) Importer(815301076,1909f56bfc062723c751e8b465ee728b)
Start importing Assets/ThreeMatch/Scripts/ThreeBoardMgr.cs using Guid(78614cf31d98f2245b377bef5b52d1d7) Importer(815301076,1909f56bfc062723c751e8b465ee728b) [PhysX] Initialized MultithreadedTaskDispatcher with 20 workers.
 -> (artifact id: '65f588076ac1451dca278e2651b024f0') in 0.000733 seconds
Number of updated asset objects reloaded before import = 0
Number of asset objects unloaded after import = 0
========================================================================
Received Prepare
Caller must complete domain reload
Begin MonoManager ReloadAssembly
- Loaded All Assemblies, in  0.688 seconds
Native extension for WindowsStandalone target not found
Native extension for Android target not found
Mono: successfully reloaded assembly
- Finished resetting the current domain, in  1.493 seconds
Domain Reload Profiling: 2177ms
	BeginReloadAssembly (188ms)
		ExecutionOrderSort (0ms)
		DisableScriptedObjects (15ms)
		BackupInstance (0ms)
		ReleaseScriptingObjects (0ms)
		CreateAndSetChildDomain (42ms)
	RebuildCommonClasses (38ms)
	RebuildNativeTypeToScriptingClass (14ms)
	initialDomainReloadingComplete (46ms)
	LoadAllAssembliesAndSetupDomain (399ms)
		LoadAssemblies (431ms)
		RebuildTransferFunctionScriptingTraits (0ms)
		AnalyzeDomain (66ms)
			TypeCache.Refresh (19ms)
				TypeCache.ScanAssembly (0ms)
			ScanForSourceGeneratedMonoScriptInfo (30ms)
			ResolveRequiredComponents (15ms)
	FinalizeReload (1494ms)
		ReleaseScriptCaches (0ms)
		RebuildScriptCaches (0ms)
		SetupLoadedEditorAssemblies (728ms)
			LogAssemblyErrors (0ms)
			InitializePlatformSupportModulesInManaged (26ms)
			SetLoadedEditorAssemblies (6ms)
			RefreshPlugins (0ms)
			BeforeProcessingInitializeOnLoad (159ms)
			ProcessInitializeOnLoadAttributes (437ms)
			ProcessInitializeOnLoadMethodAttributes (90ms)
			AfterProcessingInitializeOnLoad (10ms)
			EditorAssembliesLoaded (0ms)
		ExecutionOrderSort2 (0ms)
		AwakeInstancesAfterBackupRestoration (25ms)
Refreshing native plugins compatible for Editor in 3.90 ms, found 5 plugins.
Preloading 0 native plugins for Editor in 0.00 ms.
Unloading 5920 Unused Serialized files (Serialized files now loaded: 0)
Unloading 64 unused Assets / (3.6 MB). Loaded Objects now: 6485.
Memory consumption went from 209.3 MB to 205.7 MB.
Total: 6.638000 ms (FindLiveObjects: 0.808900 ms CreateObjectMapping: 0.270700 ms MarkObjects: 3.757100 ms  DeleteObjects: 1.799300 ms)

Prepare: number of updated asset objects reloaded= 0
AssetImportParameters requested are different than current active one (requested -> active):
  custom:container-demuxer-ogg: 62fdf1f143b41e24485cea50d1cbac27 -> 
  custom:video-decoder-ogg-theora: a1e56fd34408186e4bbccfd4996cb3dc -> 
  custom:framework-win-MediaFoundation: 216162199b28c13a410421893ffa2e32 -> 
  custom:CustomObjectIndexerAttribute: 72b91833f83ae208fae7752999fa3104 -> 
  custom:container-demuxer-webm: 4f35f7cbe854078d1ac9338744f61a02 -> 
  custom:container-muxer-webm: aa71ff27fc2769a1b78a27578f13a17b -> 
  custom:video-decoder-webm-vp8: 9c59270c3fd7afecdb556c50c9e8de78 -> 
  custom:SearchIndexIgnoredProperties: e643bd26f0fe6173181afceb89e7c659 -> 
  custom:AudioImporter_EditorPlatform: d09bf68614088b80899f8185d706f6e7 -> 
  custom:scripting/monoscript/fileName/BoardMgr.cs: 916dc321bec899e84da6ee739b074ed8 -> 
  custom:video-encoder-webm-vp8: eb34c28f22e8b96e1ab97ce403110664 -> 
  custom:audio-decoder-ogg-vorbis: bf7c407c2cedff20999df2af8eb42d56 -> 
  custom:scripting/monoscript/fileName/ThreeBoardMgr.cs: 916dc321bec899e84da6ee739b074ed8 -> 
  custom:audio-encoder-webm-vorbis: bf7c407c2cedff20999df2af8eb42d56 -> 
  custom:scripting/precompiled-assembly-types:Assembly-CSharp: 890bf44a7638437149a5eb9b4d530b0c -> a5db5a0e506a1143112a7a8bcc82317c
========================================================================
Received Import Request.
  Time since last request: 7.028069 seconds.
  path: Assets/ThreeMatch/Scripts/ThreeBoardMgr.cs
  artifactKey: Guid(78614cf31d98f2245b377bef5b52d1d7) Importer(815301076,1909f56bfc062723c751e8b465ee728b)
Start importing Assets/ThreeMatch/Scripts/ThreeBoardMgr.cs using Guid(78614cf31d98f2245b377bef5b52d1d7) Importer(815301076,1909f56bfc062723c751e8b465ee728b) [PhysX] Initialized MultithreadedTaskDispatcher with 20 workers.
 -> (artifact id: '00000000000000000000000000000000') in 0.002520 seconds
Import Error Code:(4)
Message: Build asset version error: assets/threematch/scripts/threeboardmgr.cs in SourceAssetDB has modification time of '2026-05-15T09:08:08.0482791Z' while content on disk has modification time of '2026-05-15T09:08:36.2761937Z'
  ERROR: Build asset version error: assets/threematch/scripts/threeboardmgr.cs in SourceAssetDB has modification time of '2026-05-15T09:08:08.0482791Z' while content on disk has modification time of '2026-05-15T09:08:36.2761937Z'
Number of updated asset objects reloaded before import = 0
Number of asset objects unloaded after import = 0
========================================================================
Received Import Request.
  Time since last request: 0.000041 seconds.
  path: Assets/ThreeMatch/Scripts/ThreeBoardMgr.cs
  artifactKey: Guid(78614cf31d98f2245b377bef5b52d1d7) Importer(815301076,1909f56bfc062723c751e8b465ee728b)
Start importing Assets/ThreeMatch/Scripts/ThreeBoardMgr.cs using Guid(78614cf31d98f2245b377bef5b52d1d7) Importer(815301076,1909f56bfc062723c751e8b465ee728b) [PhysX] Initialized MultithreadedTaskDispatcher with 20 workers.
 -> (artifact id: '00000000000000000000000000000000') in 0.000554 seconds
Import Error Code:(4)
Message: Build asset version error: assets/threematch/scripts/threeboardmgr.cs in SourceAssetDB has modification time of '2026-05-15T09:08:08.0482791Z' while content on disk has modification time of '2026-05-15T09:08:36.2761937Z'
  ERROR: Build asset version error: assets/threematch/scripts/threeboardmgr.cs in SourceAssetDB has modification time of '2026-05-15T09:08:08.0482791Z' while content on disk has modification time of '2026-05-15T09:08:36.2761937Z'
Number of updated asset objects reloaded before import = 0
Number of asset objects unloaded after import = 0
========================================================================
Received Import Request.
  Time since last request: 0.001161 seconds.
  path: Assets/ThreeMatch/Scripts/ThreeBoardMgr.cs
  artifactKey: Guid(78614cf31d98f2245b377bef5b52d1d7) Importer(815301076,1909f56bfc062723c751e8b465ee728b)
Start importing Assets/ThreeMatch/Scripts/ThreeBoardMgr.cs using Guid(78614cf31d98f2245b377bef5b52d1d7) Importer(815301076,1909f56bfc062723c751e8b465ee728b) [PhysX] Initialized MultithreadedTaskDispatcher with 20 workers.
 -> (artifact id: '00000000000000000000000000000000') in 0.000547 seconds
Import Error Code:(4)
Message: Build asset version error: assets/threematch/scripts/threeboardmgr.cs in SourceAssetDB has modification time of '2026-05-15T09:08:08.0482791Z' while content on disk has modification time of '2026-05-15T09:08:36.2761937Z'
  ERROR: Build asset version error: assets/threematch/scripts/threeboardmgr.cs in SourceAssetDB has modification time of '2026-05-15T09:08:08.0482791Z' while content on disk has modification time of '2026-05-15T09:08:36.2761937Z'
Number of updated asset objects reloaded before import = 0
Number of asset objects unloaded after import = 0
========================================================================
Received Import Request.
  Time since last request: 0.004109 seconds.
  path: Assets/ThreeMatch/Scripts/ThreeBoardMgr.cs
  artifactKey: Guid(78614cf31d98f2245b377bef5b52d1d7) Importer(815301076,1909f56bfc062723c751e8b465ee728b)
Start importing Assets/ThreeMatch/Scripts/ThreeBoardMgr.cs using Guid(78614cf31d98f2245b377bef5b52d1d7) Importer(815301076,1909f56bfc062723c751e8b465ee728b) [PhysX] Initialized MultithreadedTaskDispatcher with 20 workers.
 -> (artifact id: '00000000000000000000000000000000') in 0.000507 seconds
Import Error Code:(4)
Message: Build asset version error: assets/threematch/scripts/threeboardmgr.cs in SourceAssetDB has modification time of '2026-05-15T09:08:08.0482791Z' while content on disk has modification time of '2026-05-15T09:08:36.2761937Z'
  ERROR: Build asset version error: assets/threematch/scripts/threeboardmgr.cs in SourceAssetDB has modification time of '2026-05-15T09:08:08.0482791Z' while content on disk has modification time of '2026-05-15T09:08:36.2761937Z'
Number of updated asset objects reloaded before import = 0
Number of asset objects unloaded after import = 0
========================================================================
Received Import Request.
  Time since last request: 0.005095 seconds.
  path: Assets/ThreeMatch/Scripts/ThreeBoardMgr.cs
  artifactKey: Guid(78614cf31d98f2245b377bef5b52d1d7) Importer(815301076,1909f56bfc062723c751e8b465ee728b)
Start importing Assets/ThreeMatch/Scripts/ThreeBoardMgr.cs using Guid(78614cf31d98f2245b377bef5b52d1d7) Importer(815301076,1909f56bfc062723c751e8b465ee728b) [PhysX] Initialized MultithreadedTaskDispatcher with 20 workers.
 -> (artifact id: '00000000000000000000000000000000') in 0.000472 seconds
Import Error Code:(4)
Message: Build asset version error: assets/threematch/scripts/threeboardmgr.cs in SourceAssetDB has modification time of '2026-05-15T09:08:08.0482791Z' while content on disk has modification time of '2026-05-15T09:08:36.2761937Z'
  ERROR: Build asset version error: assets/threematch/scripts/threeboardmgr.cs in SourceAssetDB has modification time of '2026-05-15T09:08:08.0482791Z' while content on disk has modification time of '2026-05-15T09:08:36.2761937Z'
Number of updated asset objects reloaded before import = 0
Number of asset objects unloaded after import = 0
========================================================================
Received Import Request.
  Time since last request: 0.003885 seconds.
  path: Assets/ThreeMatch/Scripts/ThreeBoardMgr.cs
  artifactKey: Guid(78614cf31d98f2245b377bef5b52d1d7) Importer(815301076,1909f56bfc062723c751e8b465ee728b)
Start importing Assets/ThreeMatch/Scripts/ThreeBoardMgr.cs using Guid(78614cf31d98f2245b377bef5b52d1d7) Importer(815301076,1909f56bfc062723c751e8b465ee728b) [PhysX] Initialized MultithreadedTaskDispatcher with 20 workers.
 -> (artifact id: '00000000000000000000000000000000') in 0.000526 seconds
Import Error Code:(4)
Message: Build asset version error: assets/threematch/scripts/threeboardmgr.cs in SourceAssetDB has modification time of '2026-05-15T09:08:08.0482791Z' while content on disk has modification time of '2026-05-15T09:08:36.2761937Z'
  ERROR: Build asset version error: assets/threematch/scripts/threeboardmgr.cs in SourceAssetDB has modification time of '2026-05-15T09:08:08.0482791Z' while content on disk has modification time of '2026-05-15T09:08:36.2761937Z'
Number of updated asset objects reloaded before import = 0
Number of asset objects unloaded after import = 0
========================================================================
Received Import Request.
  Time since last request: 0.004770 seconds.
  path: Assets/ThreeMatch/Scripts/ThreeBoardMgr.cs
  artifactKey: Guid(78614cf31d98f2245b377bef5b52d1d7) Importer(815301076,1909f56bfc062723c751e8b465ee728b)
Start importing Assets/ThreeMatch/Scripts/ThreeBoardMgr.cs using Guid(78614cf31d98f2245b377bef5b52d1d7) Importer(815301076,1909f56bfc062723c751e8b465ee728b) [PhysX] Initialized MultithreadedTaskDispatcher with 20 workers.
 -> (artifact id: '00000000000000000000000000000000') in 0.000438 seconds
Import Error Code:(4)
Message: Build asset version error: assets/threematch/scripts/threeboardmgr.cs in SourceAssetDB has modification time of '2026-05-15T09:08:08.0482791Z' while content on disk has modification time of '2026-05-15T09:08:36.2761937Z'
  ERROR: Build asset version error: assets/threematch/scripts/threeboardmgr.cs in SourceAssetDB has modification time of '2026-05-15T09:08:08.0482791Z' while content on disk has modification time of '2026-05-15T09:08:36.2761937Z'
Number of updated asset objects reloaded before import = 0
Number of asset objects unloaded after import = 0
========================================================================
Received Import Request.
  Time since last request: 0.004547 seconds.
  path: Assets/ThreeMatch/Scripts/ThreeBoardMgr.cs
  artifactKey: Guid(78614cf31d98f2245b377bef5b52d1d7) Importer(815301076,1909f56bfc062723c751e8b465ee728b)
Start importing Assets/ThreeMatch/Scripts/ThreeBoardMgr.cs using Guid(78614cf31d98f2245b377bef5b52d1d7) Importer(815301076,1909f56bfc062723c751e8b465ee728b) [PhysX] Initialized MultithreadedTaskDispatcher with 20 workers.
 -> (artifact id: '00000000000000000000000000000000') in 0.000466 seconds
Import Error Code:(4)
Message: Build asset version error: assets/threematch/scripts/threeboardmgr.cs in SourceAssetDB has modification time of '2026-05-15T09:08:08.0482791Z' while content on disk has modification time of '2026-05-15T09:08:36.2761937Z'
  ERROR: Build asset version error: assets/threematch/scripts/threeboardmgr.cs in SourceAssetDB has modification time of '2026-05-15T09:08:08.0482791Z' while content on disk has modification time of '2026-05-15T09:08:36.2761937Z'
Number of updated asset objects reloaded before import = 0
Number of asset objects unloaded after import = 0
========================================================================
Received Import Request.
  Time since last request: 0.006073 seconds.
  path: Assets/ThreeMatch/Scripts/ThreeBoardMgr.cs
  artifactKey: Guid(78614cf31d98f2245b377bef5b52d1d7) Importer(815301076,1909f56bfc062723c751e8b465ee728b)
Start importing Assets/ThreeMatch/Scripts/ThreeBoardMgr.cs using Guid(78614cf31d98f2245b377bef5b52d1d7) Importer(815301076,1909f56bfc062723c751e8b465ee728b) [PhysX] Initialized MultithreadedTaskDispatcher with 20 workers.
 -> (artifact id: '00000000000000000000000000000000') in 0.000528 seconds
Import Error Code:(4)
Message: Build asset version error: assets/threematch/scripts/threeboardmgr.cs in SourceAssetDB has modification time of '2026-05-15T09:08:08.0482791Z' while content on disk has modification time of '2026-05-15T09:08:36.2761937Z'
  ERROR: Build asset version error: assets/threematch/scripts/threeboardmgr.cs in SourceAssetDB has modification time of '2026-05-15T09:08:08.0482791Z' while content on disk has modification time of '2026-05-15T09:08:36.2761937Z'
Number of updated asset objects reloaded before import = 0
Number of asset objects unloaded after import = 0
========================================================================
Received Import Request.
  Time since last request: 0.005188 seconds.
  path: Assets/ThreeMatch/Scripts/ThreeBoardMgr.cs
  artifactKey: Guid(78614cf31d98f2245b377bef5b52d1d7) Importer(815301076,1909f56bfc062723c751e8b465ee728b)
Start importing Assets/ThreeMatch/Scripts/ThreeBoardMgr.cs using Guid(78614cf31d98f2245b377bef5b52d1d7) Importer(815301076,1909f56bfc062723c751e8b465ee728b) [PhysX] Initialized MultithreadedTaskDispatcher with 20 workers.
 -> (artifact id: '00000000000000000000000000000000') in 0.000509 seconds
Import Error Code:(4)
Message: Build asset version error: assets/threematch/scripts/threeboardmgr.cs in SourceAssetDB has modification time of '2026-05-15T09:08:08.0482791Z' while content on disk has modification time of '2026-05-15T09:08:36.2761937Z'
  ERROR: Build asset version error: assets/threematch/scripts/threeboardmgr.cs in SourceAssetDB has modification time of '2026-05-15T09:08:08.0482791Z' while content on disk has modification time of '2026-05-15T09:08:36.2761937Z'
Number of updated asset objects reloaded before import = 0
Number of asset objects unloaded after import = 0
========================================================================
Received Import Request.
  Time since last request: 0.004996 seconds.
  path: Assets/ThreeMatch/Scripts/ThreeBoardMgr.cs
  artifactKey: Guid(78614cf31d98f2245b377bef5b52d1d7) Importer(815301076,1909f56bfc062723c751e8b465ee728b)
Start importing Assets/ThreeMatch/Scripts/ThreeBoardMgr.cs using Guid(78614cf31d98f2245b377bef5b52d1d7) Importer(815301076,1909f56bfc062723c751e8b465ee728b) [PhysX] Initialized MultithreadedTaskDispatcher with 20 workers.
 -> (artifact id: '00000000000000000000000000000000') in 0.000530 seconds
Import Error Code:(4)
Message: Build asset version error: assets/threematch/scripts/threeboardmgr.cs in SourceAssetDB has modification time of '2026-05-15T09:08:08.0482791Z' while content on disk has modification time of '2026-05-15T09:08:36.2761937Z'
  ERROR: Build asset version error: assets/threematch/scripts/threeboardmgr.cs in SourceAssetDB has modification time of '2026-05-15T09:08:08.0482791Z' while content on disk has modification time of '2026-05-15T09:08:36.2761937Z'
Number of updated asset objects reloaded before import = 0
Number of asset objects unloaded after import = 0
========================================================================
Received Import Request.
  Time since last request: 0.004905 seconds.
  path: Assets/ThreeMatch/Scripts/ThreeBoardMgr.cs
  artifactKey: Guid(78614cf31d98f2245b377bef5b52d1d7) Importer(815301076,1909f56bfc062723c751e8b465ee728b)
Start importing Assets/ThreeMatch/Scripts/ThreeBoardMgr.cs using Guid(78614cf31d98f2245b377bef5b52d1d7) Importer(815301076,1909f56bfc062723c751e8b465ee728b) [PhysX] Initialized MultithreadedTaskDispatcher with 20 workers.
 -> (artifact id: '00000000000000000000000000000000') in 0.001128 seconds
Import Error Code:(4)
Message: Build asset version error: assets/threematch/scripts/threeboardmgr.cs in SourceAssetDB has modification time of '2026-05-15T09:08:08.0482791Z' while content on disk has modification time of '2026-05-15T09:08:36.2761937Z'
  ERROR: Build asset version error: assets/threematch/scripts/threeboardmgr.cs in SourceAssetDB has modification time of '2026-05-15T09:08:08.0482791Z' while content on disk has modification time of '2026-05-15T09:08:36.2761937Z'
Number of updated asset objects reloaded before import = 0
Number of asset objects unloaded after import = 0
========================================================================
Received Import Request.
  Time since last request: 0.004494 seconds.
  path: Assets/ThreeMatch/Scripts/ThreeBoardMgr.cs
  artifactKey: Guid(78614cf31d98f2245b377bef5b52d1d7) Importer(815301076,1909f56bfc062723c751e8b465ee728b)
Start importing Assets/ThreeMatch/Scripts/ThreeBoardMgr.cs using Guid(78614cf31d98f2245b377bef5b52d1d7) Importer(815301076,1909f56bfc062723c751e8b465ee728b) [PhysX] Initialized MultithreadedTaskDispatcher with 20 workers.
 -> (artifact id: '00000000000000000000000000000000') in 0.000495 seconds
Import Error Code:(4)
Message: Build asset version error: assets/threematch/scripts/threeboardmgr.cs in SourceAssetDB has modification time of '2026-05-15T09:08:08.0482791Z' while content on disk has modification time of '2026-05-15T09:08:36.2761937Z'
  ERROR: Build asset version error: assets/threematch/scripts/threeboardmgr.cs in SourceAssetDB has modification time of '2026-05-15T09:08:08.0482791Z' while content on disk has modification time of '2026-05-15T09:08:36.2761937Z'
Number of updated asset objects reloaded before import = 0
Number of asset objects unloaded after import = 0
========================================================================
Received Import Request.
  Time since last request: 0.004373 seconds.
  path: Assets/ThreeMatch/Scripts/ThreeBoardMgr.cs
  artifactKey: Guid(78614cf31d98f2245b377bef5b52d1d7) Importer(815301076,1909f56bfc062723c751e8b465ee728b)
Start importing Assets/ThreeMatch/Scripts/ThreeBoardMgr.cs using Guid(78614cf31d98f2245b377bef5b52d1d7) Importer(815301076,1909f56bfc062723c751e8b465ee728b) [PhysX] Initialized MultithreadedTaskDispatcher with 20 workers.
 -> (artifact id: '00000000000000000000000000000000') in 0.000501 seconds
Import Error Code:(4)
Message: Build asset version error: assets/threematch/scripts/threeboardmgr.cs in SourceAssetDB has modification time of '2026-05-15T09:08:08.0482791Z' while content on disk has modification time of '2026-05-15T09:08:36.2761937Z'
  ERROR: Build asset version error: assets/threematch/scripts/threeboardmgr.cs in SourceAssetDB has modification time of '2026-05-15T09:08:08.0482791Z' while content on disk has modification time of '2026-05-15T09:08:36.2761937Z'
Number of updated asset objects reloaded before import = 0
Number of asset objects unloaded after import = 0
========================================================================
Received Import Request.
  Time since last request: 0.004975 seconds.
  path: Assets/ThreeMatch/Scripts/ThreeBoardMgr.cs
  artifactKey: Guid(78614cf31d98f2245b377bef5b52d1d7) Importer(815301076,1909f56bfc062723c751e8b465ee728b)
Start importing Assets/ThreeMatch/Scripts/ThreeBoardMgr.cs using Guid(78614cf31d98f2245b377bef5b52d1d7) Importer(815301076,1909f56bfc062723c751e8b465ee728b) [PhysX] Initialized MultithreadedTaskDispatcher with 20 workers.
 -> (artifact id: '00000000000000000000000000000000') in 0.001354 seconds
Import Error Code:(4)
Message: Build asset version error: assets/threematch/scripts/threeboardmgr.cs in SourceAssetDB has modification time of '2026-05-15T09:08:08.0482791Z' while content on disk has modification time of '2026-05-15T09:08:36.2761937Z'
  ERROR: Build asset version error: assets/threematch/scripts/threeboardmgr.cs in SourceAssetDB has modification time of '2026-05-15T09:08:08.0482791Z' while content on disk has modification time of '2026-05-15T09:08:36.2761937Z'
Number of updated asset objects reloaded before import = 0
Number of asset objects unloaded after import = 0
========================================================================
Received Import Request.
  Time since last request: 0.003798 seconds.
  path: Assets/ThreeMatch/Scripts/ThreeBoardMgr.cs
  artifactKey: Guid(78614cf31d98f2245b377bef5b52d1d7) Importer(815301076,1909f56bfc062723c751e8b465ee728b)
Start importing Assets/ThreeMatch/Scripts/ThreeBoardMgr.cs using Guid(78614cf31d98f2245b377bef5b52d1d7) Importer(815301076,1909f56bfc062723c751e8b465ee728b) [PhysX] Initialized MultithreadedTaskDispatcher with 20 workers.
 -> (artifact id: '00000000000000000000000000000000') in 0.000515 seconds
Import Error Code:(4)
Message: Build asset version error: assets/threematch/scripts/threeboardmgr.cs in SourceAssetDB has modification time of '2026-05-15T09:08:08.0482791Z' while content on disk has modification time of '2026-05-15T09:08:36.2761937Z'
  ERROR: Build asset version error: assets/threematch/scripts/threeboardmgr.cs in SourceAssetDB has modification time of '2026-05-15T09:08:08.0482791Z' while content on disk has modification time of '2026-05-15T09:08:36.2761937Z'
Number of updated asset objects reloaded before import = 0
Number of asset objects unloaded after import = 0
========================================================================
Received Import Request.
  Time since last request: 0.003932 seconds.
  path: Assets/ThreeMatch/Scripts/ThreeBoardMgr.cs
  artifactKey: Guid(78614cf31d98f2245b377bef5b52d1d7) Importer(815301076,1909f56bfc062723c751e8b465ee728b)
Start importing Assets/ThreeMatch/Scripts/ThreeBoardMgr.cs using Guid(78614cf31d98f2245b377bef5b52d1d7) Importer(815301076,1909f56bfc062723c751e8b465ee728b) [PhysX] Initialized MultithreadedTaskDispatcher with 20 workers.
 -> (artifact id: '00000000000000000000000000000000') in 0.000495 seconds
Import Error Code:(4)
Message: Build asset version error: assets/threematch/scripts/threeboardmgr.cs in SourceAssetDB has modification time of '2026-05-15T09:08:08.0482791Z' while content on disk has modification time of '2026-05-15T09:08:36.2761937Z'
  ERROR: Build asset version error: assets/threematch/scripts/threeboardmgr.cs in SourceAssetDB has modification time of '2026-05-15T09:08:08.0482791Z' while content on disk has modification time of '2026-05-15T09:08:36.2761937Z'
Number of updated asset objects reloaded before import = 0
Number of asset objects unloaded after import = 0
========================================================================
Received Import Request.
  Time since last request: 0.009518 seconds.
  path: Assets/ThreeMatch/Scripts/ThreeBoardMgr.cs
  artifactKey: Guid(78614cf31d98f2245b377bef5b52d1d7) Importer(815301076,1909f56bfc062723c751e8b465ee728b)
Start importing Assets/ThreeMatch/Scripts/ThreeBoardMgr.cs using Guid(78614cf31d98f2245b377bef5b52d1d7) Importer(815301076,1909f56bfc062723c751e8b465ee728b) [PhysX] Initialized MultithreadedTaskDispatcher with 20 workers.
 -> (artifact id: '00000000000000000000000000000000') in 0.000522 seconds
Import Error Code:(4)
Message: Build asset version error: assets/threematch/scripts/threeboardmgr.cs in SourceAssetDB has modification time of '2026-05-15T09:08:08.0482791Z' while content on disk has modification time of '2026-05-15T09:08:36.2761937Z'
  ERROR: Build asset version error: assets/threematch/scripts/threeboardmgr.cs in SourceAssetDB has modification time of '2026-05-15T09:08:08.0482791Z' while content on disk has modification time of '2026-05-15T09:08:36.2761937Z'
Number of updated asset objects reloaded before import = 0
Number of asset objects unloaded after import = 0
========================================================================
Received Import Request.
  Time since last request: 0.004541 seconds.
  path: Assets/ThreeMatch/Scripts/ThreeBoardMgr.cs
  artifactKey: Guid(78614cf31d98f2245b377bef5b52d1d7) Importer(815301076,1909f56bfc062723c751e8b465ee728b)
Start importing Assets/ThreeMatch/Scripts/ThreeBoardMgr.cs using Guid(78614cf31d98f2245b377bef5b52d1d7) Importer(815301076,1909f56bfc062723c751e8b465ee728b) [PhysX] Initialized MultithreadedTaskDispatcher with 20 workers.
 -> (artifact id: '00000000000000000000000000000000') in 0.000476 seconds
Import Error Code:(4)
Message: Build asset version error: assets/threematch/scripts/threeboardmgr.cs in SourceAssetDB has modification time of '2026-05-15T09:08:08.0482791Z' while content on disk has modification time of '2026-05-15T09:08:36.2761937Z'
  ERROR: Build asset version error: assets/threematch/scripts/threeboardmgr.cs in SourceAssetDB has modification time of '2026-05-15T09:08:08.0482791Z' while content on disk has modification time of '2026-05-15T09:08:36.2761937Z'
Number of updated asset objects reloaded before import = 0
Number of asset objects unloaded after import = 0
========================================================================
Received Import Request.
  Time since last request: 0.004825 seconds.
  path: Assets/ThreeMatch/Scripts/ThreeBoardMgr.cs
  artifactKey: Guid(78614cf31d98f2245b377bef5b52d1d7) Importer(815301076,1909f56bfc062723c751e8b465ee728b)
Start importing Assets/ThreeMatch/Scripts/ThreeBoardMgr.cs using Guid(78614cf31d98f2245b377bef5b52d1d7) Importer(815301076,1909f56bfc062723c751e8b465ee728b) [PhysX] Initialized MultithreadedTaskDispatcher with 20 workers.
 -> (artifact id: '00000000000000000000000000000000') in 0.000507 seconds
Import Error Code:(4)
Message: Build asset version error: assets/threematch/scripts/threeboardmgr.cs in SourceAssetDB has modification time of '2026-05-15T09:08:08.0482791Z' while content on disk has modification time of '2026-05-15T09:08:36.2761937Z'
  ERROR: Build asset version error: assets/threematch/scripts/threeboardmgr.cs in SourceAssetDB has modification time of '2026-05-15T09:08:08.0482791Z' while content on disk has modification time of '2026-05-15T09:08:36.2761937Z'
Number of updated asset objects reloaded before import = 0
Number of asset objects unloaded after import = 0
========================================================================
Received Import Request.
  Time since last request: 0.004560 seconds.
  path: Assets/ThreeMatch/Scripts/ThreeBoardMgr.cs
  artifactKey: Guid(78614cf31d98f2245b377bef5b52d1d7) Importer(815301076,1909f56bfc062723c751e8b465ee728b)
Start importing Assets/ThreeMatch/Scripts/ThreeBoardMgr.cs using Guid(78614cf31d98f2245b377bef5b52d1d7) Importer(815301076,1909f56bfc062723c751e8b465ee728b) [PhysX] Initialized MultithreadedTaskDispatcher with 20 workers.
 -> (artifact id: '00000000000000000000000000000000') in 0.000872 seconds
Import Error Code:(4)
Message: Build asset version error: assets/threematch/scripts/threeboardmgr.cs in SourceAssetDB has modification time of '2026-05-15T09:08:08.0482791Z' while content on disk has modification time of '2026-05-15T09:08:36.2761937Z'
  ERROR: Build asset version error: assets/threematch/scripts/threeboardmgr.cs in SourceAssetDB has modification time of '2026-05-15T09:08:08.0482791Z' while content on disk has modification time of '2026-05-15T09:08:36.2761937Z'
Number of updated asset objects reloaded before import = 0
Number of asset objects unloaded after import = 0
========================================================================
Received Import Request.
  Time since last request: 0.005384 seconds.
  path: Assets/ThreeMatch/Scripts/ThreeBoardMgr.cs
  artifactKey: Guid(78614cf31d98f2245b377bef5b52d1d7) Importer(815301076,1909f56bfc062723c751e8b465ee728b)
Start importing Assets/ThreeMatch/Scripts/ThreeBoardMgr.cs using Guid(78614cf31d98f2245b377bef5b52d1d7) Importer(815301076,1909f56bfc062723c751e8b465ee728b) [PhysX] Initialized MultithreadedTaskDispatcher with 20 workers.
 -> (artifact id: '00000000000000000000000000000000') in 0.000500 seconds
Import Error Code:(4)
Message: Build asset version error: assets/threematch/scripts/threeboardmgr.cs in SourceAssetDB has modification time of '2026-05-15T09:08:08.0482791Z' while content on disk has modification time of '2026-05-15T09:08:36.2761937Z'
  ERROR: Build asset version error: assets/threematch/scripts/threeboardmgr.cs in SourceAssetDB has modification time of '2026-05-15T09:08:08.0482791Z' while content on disk has modification time of '2026-05-15T09:08:36.2761937Z'
Number of updated asset objects reloaded before import = 0
Number of asset objects unloaded after import = 0
========================================================================
Received Import Request.
  Time since last request: 0.005007 seconds.
  path: Assets/ThreeMatch/Scripts/ThreeBoardMgr.cs
  artifactKey: Guid(78614cf31d98f2245b377bef5b52d1d7) Importer(815301076,1909f56bfc062723c751e8b465ee728b)
Start importing Assets/ThreeMatch/Scripts/ThreeBoardMgr.cs using Guid(78614cf31d98f2245b377bef5b52d1d7) Importer(815301076,1909f56bfc062723c751e8b465ee728b) [PhysX] Initialized MultithreadedTaskDispatcher with 20 workers.
 -> (artifact id: '00000000000000000000000000000000') in 0.000509 seconds
Import Error Code:(4)
Message: Build asset version error: assets/threematch/scripts/threeboardmgr.cs in SourceAssetDB has modification time of '2026-05-15T09:08:08.0482791Z' while content on disk has modification time of '2026-05-15T09:08:36.2761937Z'
  ERROR: Build asset version error: assets/threematch/scripts/threeboardmgr.cs in SourceAssetDB has modification time of '2026-05-15T09:08:08.0482791Z' while content on disk has modification time of '2026-05-15T09:08:36.2761937Z'
Number of updated asset objects reloaded before import = 0
Number of asset objects unloaded after import = 0
========================================================================
Received Import Request.
  Time since last request: 0.004363 seconds.
  path: Assets/ThreeMatch/Scripts/ThreeBoardMgr.cs
  artifactKey: Guid(78614cf31d98f2245b377bef5b52d1d7) Importer(815301076,1909f56bfc062723c751e8b465ee728b)
Start importing Assets/ThreeMatch/Scripts/ThreeBoardMgr.cs using Guid(78614cf31d98f2245b377bef5b52d1d7) Importer(815301076,1909f56bfc062723c751e8b465ee728b) [PhysX] Initialized MultithreadedTaskDispatcher with 20 workers.
 -> (artifact id: '00000000000000000000000000000000') in 0.000518 seconds
Import Error Code:(4)
Message: Build asset version error: assets/threematch/scripts/threeboardmgr.cs in SourceAssetDB has modification time of '2026-05-15T09:08:08.0482791Z' while content on disk has modification time of '2026-05-15T09:08:36.2761937Z'
  ERROR: Build asset version error: assets/threematch/scripts/threeboardmgr.cs in SourceAssetDB has modification time of '2026-05-15T09:08:08.0482791Z' while content on disk has modification time of '2026-05-15T09:08:36.2761937Z'
Number of updated asset objects reloaded before import = 0
Number of asset objects unloaded after import = 0
========================================================================
Received Import Request.
  Time since last request: 0.003694 seconds.
  path: Assets/ThreeMatch/Scripts/ThreeBoardMgr.cs
  artifactKey: Guid(78614cf31d98f2245b377bef5b52d1d7) Importer(815301076,1909f56bfc062723c751e8b465ee728b)
Start importing Assets/ThreeMatch/Scripts/ThreeBoardMgr.cs using Guid(78614cf31d98f2245b377bef5b52d1d7) Importer(815301076,1909f56bfc062723c751e8b465ee728b) [PhysX] Initialized MultithreadedTaskDispatcher with 20 workers.
 -> (artifact id: '00000000000000000000000000000000') in 0.000481 seconds
Import Error Code:(4)
Message: Build asset version error: assets/threematch/scripts/threeboardmgr.cs in SourceAssetDB has modification time of '2026-05-15T09:08:08.0482791Z' while content on disk has modification time of '2026-05-15T09:08:36.2761937Z'
  ERROR: Build asset version error: assets/threematch/scripts/threeboardmgr.cs in SourceAssetDB has modification time of '2026-05-15T09:08:08.0482791Z' while content on disk has modification time of '2026-05-15T09:08:36.2761937Z'
Number of updated asset objects reloaded before import = 0
Number of asset objects unloaded after import = 0
========================================================================
Received Import Request.
  Time since last request: 0.004886 seconds.
  path: Assets/ThreeMatch/Scripts/ThreeBoardMgr.cs
  artifactKey: Guid(78614cf31d98f2245b377bef5b52d1d7) Importer(815301076,1909f56bfc062723c751e8b465ee728b)
Start importing Assets/ThreeMatch/Scripts/ThreeBoardMgr.cs using Guid(78614cf31d98f2245b377bef5b52d1d7) Importer(815301076,1909f56bfc062723c751e8b465ee728b) [PhysX] Initialized MultithreadedTaskDispatcher with 20 workers.
 -> (artifact id: '00000000000000000000000000000000') in 0.000531 seconds
Import Error Code:(4)
Message: Build asset version error: assets/threematch/scripts/threeboardmgr.cs in SourceAssetDB has modification time of '2026-05-15T09:08:08.0482791Z' while content on disk has modification time of '2026-05-15T09:08:36.2761937Z'
  ERROR: Build asset version error: assets/threematch/scripts/threeboardmgr.cs in SourceAssetDB has modification time of '2026-05-15T09:08:08.0482791Z' while content on disk has modification time of '2026-05-15T09:08:36.2761937Z'
Number of updated asset objects reloaded before import = 0
Number of asset objects unloaded after import = 0
========================================================================
Received Import Request.
  Time since last request: 0.004686 seconds.
  path: Assets/ThreeMatch/Scripts/ThreeBoardMgr.cs
  artifactKey: Guid(78614cf31d98f2245b377bef5b52d1d7) Importer(815301076,1909f56bfc062723c751e8b465ee728b)
Start importing Assets/ThreeMatch/Scripts/ThreeBoardMgr.cs using Guid(78614cf31d98f2245b377bef5b52d1d7) Importer(815301076,1909f56bfc062723c751e8b465ee728b) [PhysX] Initialized MultithreadedTaskDispatcher with 20 workers.
 -> (artifact id: '00000000000000000000000000000000') in 0.000561 seconds
Import Error Code:(4)
Message: Build asset version error: assets/threematch/scripts/threeboardmgr.cs in SourceAssetDB has modification time of '2026-05-15T09:08:08.0482791Z' while content on disk has modification time of '2026-05-15T09:08:36.2761937Z'
  ERROR: Build asset version error: assets/threematch/scripts/threeboardmgr.cs in SourceAssetDB has modification time of '2026-05-15T09:08:08.0482791Z' while content on disk has modification time of '2026-05-15T09:08:36.2761937Z'
Number of updated asset objects reloaded before import = 0
Number of asset objects unloaded after import = 0
========================================================================
Received Import Request.
  Time since last request: 0.005322 seconds.
  path: Assets/ThreeMatch/Scripts/ThreeBoardMgr.cs
  artifactKey: Guid(78614cf31d98f2245b377bef5b52d1d7) Importer(815301076,1909f56bfc062723c751e8b465ee728b)
Start importing Assets/ThreeMatch/Scripts/ThreeBoardMgr.cs using Guid(78614cf31d98f2245b377bef5b52d1d7) Importer(815301076,1909f56bfc062723c751e8b465ee728b) [PhysX] Initialized MultithreadedTaskDispatcher with 20 workers.
 -> (artifact id: '00000000000000000000000000000000') in 0.000481 seconds
Import Error Code:(4)
Message: Build asset version error: assets/threematch/scripts/threeboardmgr.cs in SourceAssetDB has modification time of '2026-05-15T09:08:08.0482791Z' while content on disk has modification time of '2026-05-15T09:08:36.2761937Z'
  ERROR: Build asset version error: assets/threematch/scripts/threeboardmgr.cs in SourceAssetDB has modification time of '2026-05-15T09:08:08.0482791Z' while content on disk has modification time of '2026-05-15T09:08:36.2761937Z'
Number of updated asset objects reloaded before import = 0
Number of asset objects unloaded after import = 0
========================================================================
Received Import Request.
  Time since last request: 0.005183 seconds.
  path: Assets/ThreeMatch/Scripts/ThreeBoardMgr.cs
  artifactKey: Guid(78614cf31d98f2245b377bef5b52d1d7) Importer(815301076,1909f56bfc062723c751e8b465ee728b)
Start importing Assets/ThreeMatch/Scripts/ThreeBoardMgr.cs using Guid(78614cf31d98f2245b377bef5b52d1d7) Importer(815301076,1909f56bfc062723c751e8b465ee728b) [PhysX] Initialized MultithreadedTaskDispatcher with 20 workers.
 -> (artifact id: '00000000000000000000000000000000') in 0.000469 seconds
Import Error Code:(4)
Message: Build asset version error: assets/threematch/scripts/threeboardmgr.cs in SourceAssetDB has modification time of '2026-05-15T09:08:08.0482791Z' while content on disk has modification time of '2026-05-15T09:08:36.2761937Z'
  ERROR: Build asset version error: assets/threematch/scripts/threeboardmgr.cs in SourceAssetDB has modification time of '2026-05-15T09:08:08.0482791Z' while content on disk has modification time of '2026-05-15T09:08:36.2761937Z'
Number of updated asset objects reloaded before import = 0
Number of asset objects unloaded after import = 0
========================================================================
Received Import Request.
  Time since last request: 0.005354 seconds.
  path: Assets/ThreeMatch/Scripts/ThreeBoardMgr.cs
  artifactKey: Guid(78614cf31d98f2245b377bef5b52d1d7) Importer(815301076,1909f56bfc062723c751e8b465ee728b)
Start importing Assets/ThreeMatch/Scripts/ThreeBoardMgr.cs using Guid(78614cf31d98f2245b377bef5b52d1d7) Importer(815301076,1909f56bfc062723c751e8b465ee728b) [PhysX] Initialized MultithreadedTaskDispatcher with 20 workers.
 -> (artifact id: '00000000000000000000000000000000') in 0.000531 seconds
Import Error Code:(4)
Message: Build asset version error: assets/threematch/scripts/threeboardmgr.cs in SourceAssetDB has modification time of '2026-05-15T09:08:08.0482791Z' while content on disk has modification time of '2026-05-15T09:08:36.2761937Z'
  ERROR: Build asset version error: assets/threematch/scripts/threeboardmgr.cs in SourceAssetDB has modification time of '2026-05-15T09:08:08.0482791Z' while content on disk has modification time of '2026-05-15T09:08:36.2761937Z'
Number of updated asset objects reloaded before import = 0
Number of asset objects unloaded after import = 0
========================================================================
Received Import Request.
  Time since last request: 0.004869 seconds.
  path: Assets/ThreeMatch/Scripts/ThreeBoardMgr.cs
  artifactKey: Guid(78614cf31d98f2245b377bef5b52d1d7) Importer(815301076,1909f56bfc062723c751e8b465ee728b)
Start importing Assets/ThreeMatch/Scripts/ThreeBoardMgr.cs using Guid(78614cf31d98f2245b377bef5b52d1d7) Importer(815301076,1909f56bfc062723c751e8b465ee728b) [PhysX] Initialized MultithreadedTaskDispatcher with 20 workers.
 -> (artifact id: '00000000000000000000000000000000') in 0.000504 seconds
Import Error Code:(4)
Message: Build asset version error: assets/threematch/scripts/threeboardmgr.cs in SourceAssetDB has modification time of '2026-05-15T09:08:08.0482791Z' while content on disk has modification time of '2026-05-15T09:08:36.2761937Z'
  ERROR: Build asset version error: assets/threematch/scripts/threeboardmgr.cs in SourceAssetDB has modification time of '2026-05-15T09:08:08.0482791Z' while content on disk has modification time of '2026-05-15T09:08:36.2761937Z'
Number of updated asset objects reloaded before import = 0
Number of asset objects unloaded after import = 0
========================================================================
Received Import Request.
  Time since last request: 0.004546 seconds.
  path: Assets/ThreeMatch/Scripts/ThreeBoardMgr.cs
  artifactKey: Guid(78614cf31d98f2245b377bef5b52d1d7) Importer(815301076,1909f56bfc062723c751e8b465ee728b)
Start importing Assets/ThreeMatch/Scripts/ThreeBoardMgr.cs using Guid(78614cf31d98f2245b377bef5b52d1d7) Importer(815301076,1909f56bfc062723c751e8b465ee728b) [PhysX] Initialized MultithreadedTaskDispatcher with 20 workers.
 -> (artifact id: '00000000000000000000000000000000') in 0.000477 seconds
Import Error Code:(4)
Message: Build asset version error: assets/threematch/scripts/threeboardmgr.cs in SourceAssetDB has modification time of '2026-05-15T09:08:08.0482791Z' while content on disk has modification time of '2026-05-15T09:08:36.2761937Z'
  ERROR: Build asset version error: assets/threematch/scripts/threeboardmgr.cs in SourceAssetDB has modification time of '2026-05-15T09:08:08.0482791Z' while content on disk has modification time of '2026-05-15T09:08:36.2761937Z'
Number of updated asset objects reloaded before import = 0
Number of asset objects unloaded after import = 0
========================================================================
Received Import Request.
  Time since last request: 0.004465 seconds.
  path: Assets/ThreeMatch/Scripts/ThreeBoardMgr.cs
  artifactKey: Guid(78614cf31d98f2245b377bef5b52d1d7) Importer(815301076,1909f56bfc062723c751e8b465ee728b)
Start importing Assets/ThreeMatch/Scripts/ThreeBoardMgr.cs using Guid(78614cf31d98f2245b377bef5b52d1d7) Importer(815301076,1909f56bfc062723c751e8b465ee728b) [PhysX] Initialized MultithreadedTaskDispatcher with 20 workers.
 -> (artifact id: '00000000000000000000000000000000') in 0.001023 seconds
Import Error Code:(4)
Message: Build asset version error: assets/threematch/scripts/threeboardmgr.cs in SourceAssetDB has modification time of '2026-05-15T09:08:08.0482791Z' while content on disk has modification time of '2026-05-15T09:08:36.2761937Z'
  ERROR: Build asset version error: assets/threematch/scripts/threeboardmgr.cs in SourceAssetDB has modification time of '2026-05-15T09:08:08.0482791Z' while content on disk has modification time of '2026-05-15T09:08:36.2761937Z'
Number of updated asset objects reloaded before import = 0
Number of asset objects unloaded after import = 0
========================================================================
Received Import Request.
  Time since last request: 0.004153 seconds.
  path: Assets/ThreeMatch/Scripts/ThreeBoardMgr.cs
  artifactKey: Guid(78614cf31d98f2245b377bef5b52d1d7) Importer(815301076,1909f56bfc062723c751e8b465ee728b)
Start importing Assets/ThreeMatch/Scripts/ThreeBoardMgr.cs using Guid(78614cf31d98f2245b377bef5b52d1d7) Importer(815301076,1909f56bfc062723c751e8b465ee728b) [PhysX] Initialized MultithreadedTaskDispatcher with 20 workers.
 -> (artifact id: '00000000000000000000000000000000') in 0.000502 seconds
Import Error Code:(4)
Message: Build asset version error: assets/threematch/scripts/threeboardmgr.cs in SourceAssetDB has modification time of '2026-05-15T09:08:08.0482791Z' while content on disk has modification time of '2026-05-15T09:08:36.2761937Z'
  ERROR: Build asset version error: assets/threematch/scripts/threeboardmgr.cs in SourceAssetDB has modification time of '2026-05-15T09:08:08.0482791Z' while content on disk has modification time of '2026-05-15T09:08:36.2761937Z'
Number of updated asset objects reloaded before import = 0
Number of asset objects unloaded after import = 0
========================================================================
Received Import Request.
  Time since last request: 0.004207 seconds.
  path: Assets/ThreeMatch/Scripts/ThreeBoardMgr.cs
  artifactKey: Guid(78614cf31d98f2245b377bef5b52d1d7) Importer(815301076,1909f56bfc062723c751e8b465ee728b)
Start importing Assets/ThreeMatch/Scripts/ThreeBoardMgr.cs using Guid(78614cf31d98f2245b377bef5b52d1d7) Importer(815301076,1909f56bfc062723c751e8b465ee728b) [PhysX] Initialized MultithreadedTaskDispatcher with 20 workers.
 -> (artifact id: '00000000000000000000000000000000') in 0.000512 seconds
Import Error Code:(4)
Message: Build asset version error: assets/threematch/scripts/threeboardmgr.cs in SourceAssetDB has modification time of '2026-05-15T09:08:08.0482791Z' while content on disk has modification time of '2026-05-15T09:08:36.2761937Z'
  ERROR: Build asset version error: assets/threematch/scripts/threeboardmgr.cs in SourceAssetDB has modification time of '2026-05-15T09:08:08.0482791Z' while content on disk has modification time of '2026-05-15T09:08:36.2761937Z'
Number of updated asset objects reloaded before import = 0
Number of asset objects unloaded after import = 0
========================================================================
Received Import Request.
  Time since last request: 0.007489 seconds.
  path: Assets/ThreeMatch/Scripts/ThreeBoardMgr.cs
  artifactKey: Guid(78614cf31d98f2245b377bef5b52d1d7) Importer(815301076,1909f56bfc062723c751e8b465ee728b)
Start importing Assets/ThreeMatch/Scripts/ThreeBoardMgr.cs using Guid(78614cf31d98f2245b377bef5b52d1d7) Importer(815301076,1909f56bfc062723c751e8b465ee728b) [PhysX] Initialized MultithreadedTaskDispatcher with 20 workers.
 -> (artifact id: '00000000000000000000000000000000') in 0.000531 seconds
Import Error Code:(4)
Message: Build asset version error: assets/threematch/scripts/threeboardmgr.cs in SourceAssetDB has modification time of '2026-05-15T09:08:08.0482791Z' while content on disk has modification time of '2026-05-15T09:08:36.2761937Z'
  ERROR: Build asset version error: assets/threematch/scripts/threeboardmgr.cs in SourceAssetDB has modification time of '2026-05-15T09:08:08.0482791Z' while content on disk has modification time of '2026-05-15T09:08:36.2761937Z'
Number of updated asset objects reloaded before import = 0
Number of asset objects unloaded after import = 0
========================================================================
Received Import Request.
  Time since last request: 0.004131 seconds.
  path: Assets/ThreeMatch/Scripts/ThreeBoardMgr.cs
  artifactKey: Guid(78614cf31d98f2245b377bef5b52d1d7) Importer(815301076,1909f56bfc062723c751e8b465ee728b)
Start importing Assets/ThreeMatch/Scripts/ThreeBoardMgr.cs using Guid(78614cf31d98f2245b377bef5b52d1d7) Importer(815301076,1909f56bfc062723c751e8b465ee728b) [PhysX] Initialized MultithreadedTaskDispatcher with 20 workers.
 -> (artifact id: '00000000000000000000000000000000') in 0.000462 seconds
Import Error Code:(4)
Message: Build asset version error: assets/threematch/scripts/threeboardmgr.cs in SourceAssetDB has modification time of '2026-05-15T09:08:08.0482791Z' while content on disk has modification time of '2026-05-15T09:08:36.2761937Z'
  ERROR: Build asset version error: assets/threematch/scripts/threeboardmgr.cs in SourceAssetDB has modification time of '2026-05-15T09:08:08.0482791Z' while content on disk has modification time of '2026-05-15T09:08:36.2761937Z'
Number of updated asset objects reloaded before import = 0
Number of asset objects unloaded after import = 0
========================================================================
Received Import Request.
  Time since last request: 0.003618 seconds.
  path: Assets/ThreeMatch/Scripts/ThreeBoardMgr.cs
  artifactKey: Guid(78614cf31d98f2245b377bef5b52d1d7) Importer(815301076,1909f56bfc062723c751e8b465ee728b)
Start importing Assets/ThreeMatch/Scripts/ThreeBoardMgr.cs using Guid(78614cf31d98f2245b377bef5b52d1d7) Importer(815301076,1909f56bfc062723c751e8b465ee728b) [PhysX] Initialized MultithreadedTaskDispatcher with 20 workers.
 -> (artifact id: '00000000000000000000000000000000') in 0.000449 seconds
Import Error Code:(4)
Message: Build asset version error: assets/threematch/scripts/threeboardmgr.cs in SourceAssetDB has modification time of '2026-05-15T09:08:08.0482791Z' while content on disk has modification time of '2026-05-15T09:08:36.2761937Z'
  ERROR: Build asset version error: assets/threematch/scripts/threeboardmgr.cs in SourceAssetDB has modification time of '2026-05-15T09:08:08.0482791Z' while content on disk has modification time of '2026-05-15T09:08:36.2761937Z'
Number of updated asset objects reloaded before import = 0
Number of asset objects unloaded after import = 0
========================================================================
Received Import Request.
  Time since last request: 0.005065 seconds.
  path: Assets/ThreeMatch/Scripts/ThreeBoardMgr.cs
  artifactKey: Guid(78614cf31d98f2245b377bef5b52d1d7) Importer(815301076,1909f56bfc062723c751e8b465ee728b)
Start importing Assets/ThreeMatch/Scripts/ThreeBoardMgr.cs using Guid(78614cf31d98f2245b377bef5b52d1d7) Importer(815301076,1909f56bfc062723c751e8b465ee728b) [PhysX] Initialized MultithreadedTaskDispatcher with 20 workers.
 -> (artifact id: '00000000000000000000000000000000') in 0.000461 seconds
Import Error Code:(4)
Message: Build asset version error: assets/threematch/scripts/threeboardmgr.cs in SourceAssetDB has modification time of '2026-05-15T09:08:08.0482791Z' while content on disk has modification time of '2026-05-15T09:08:36.2761937Z'
  ERROR: Build asset version error: assets/threematch/scripts/threeboardmgr.cs in SourceAssetDB has modification time of '2026-05-15T09:08:08.0482791Z' while content on disk has modification time of '2026-05-15T09:08:36.2761937Z'
Number of updated asset objects reloaded before import = 0
Number of asset objects unloaded after import = 0
========================================================================
Received Import Request.
  Time since last request: 0.005464 seconds.
  path: Assets/ThreeMatch/Scripts/ThreeBoardMgr.cs
  artifactKey: Guid(78614cf31d98f2245b377bef5b52d1d7) Importer(815301076,1909f56bfc062723c751e8b465ee728b)
Start importing Assets/ThreeMatch/Scripts/ThreeBoardMgr.cs using Guid(78614cf31d98f2245b377bef5b52d1d7) Importer(815301076,1909f56bfc062723c751e8b465ee728b) [PhysX] Initialized MultithreadedTaskDispatcher with 20 workers.
 -> (artifact id: '00000000000000000000000000000000') in 0.000492 seconds
Import Error Code:(4)
Message: Build asset version error: assets/threematch/scripts/threeboardmgr.cs in SourceAssetDB has modification time of '2026-05-15T09:08:08.0482791Z' while content on disk has modification time of '2026-05-15T09:08:36.2761937Z'
  ERROR: Build asset version error: assets/threematch/scripts/threeboardmgr.cs in SourceAssetDB has modification time of '2026-05-15T09:08:08.0482791Z' while content on disk has modification time of '2026-05-15T09:08:36.2761937Z'
Number of updated asset objects reloaded before import = 0
Number of asset objects unloaded after import = 0
========================================================================
Received Import Request.
  Time since last request: 0.004004 seconds.
  path: Assets/ThreeMatch/Scripts/ThreeBoardMgr.cs
  artifactKey: Guid(78614cf31d98f2245b377bef5b52d1d7) Importer(815301076,1909f56bfc062723c751e8b465ee728b)
Start importing Assets/ThreeMatch/Scripts/ThreeBoardMgr.cs using Guid(78614cf31d98f2245b377bef5b52d1d7) Importer(815301076,1909f56bfc062723c751e8b465ee728b) [PhysX] Initialized MultithreadedTaskDispatcher with 20 workers.
 -> (artifact id: '00000000000000000000000000000000') in 0.000540 seconds
Import Error Code:(4)
Message: Build asset version error: assets/threematch/scripts/threeboardmgr.cs in SourceAssetDB has modification time of '2026-05-15T09:08:08.0482791Z' while content on disk has modification time of '2026-05-15T09:08:36.2761937Z'
  ERROR: Build asset version error: assets/threematch/scripts/threeboardmgr.cs in SourceAssetDB has modification time of '2026-05-15T09:08:08.0482791Z' while content on disk has modification time of '2026-05-15T09:08:36.2761937Z'
Number of updated asset objects reloaded before import = 0
Number of asset objects unloaded after import = 0
========================================================================
Received Import Request.
  Time since last request: 0.004457 seconds.
  path: Assets/ThreeMatch/Scripts/ThreeBoardMgr.cs
  artifactKey: Guid(78614cf31d98f2245b377bef5b52d1d7) Importer(815301076,1909f56bfc062723c751e8b465ee728b)
Start importing Assets/ThreeMatch/Scripts/ThreeBoardMgr.cs using Guid(78614cf31d98f2245b377bef5b52d1d7) Importer(815301076,1909f56bfc062723c751e8b465ee728b) [PhysX] Initialized MultithreadedTaskDispatcher with 20 workers.
 -> (artifact id: '00000000000000000000000000000000') in 0.000476 seconds
Import Error Code:(4)
Message: Build asset version error: assets/threematch/scripts/threeboardmgr.cs in SourceAssetDB has modification time of '2026-05-15T09:08:08.0482791Z' while content on disk has modification time of '2026-05-15T09:08:36.2761937Z'
  ERROR: Build asset version error: assets/threematch/scripts/threeboardmgr.cs in SourceAssetDB has modification time of '2026-05-15T09:08:08.0482791Z' while content on disk has modification time of '2026-05-15T09:08:36.2761937Z'
Number of updated asset objects reloaded before import = 0
Number of asset objects unloaded after import = 0
========================================================================
Received Import Request.
  Time since last request: 0.005664 seconds.
  path: Assets/ThreeMatch/Scripts/ThreeBoardMgr.cs
  artifactKey: Guid(78614cf31d98f2245b377bef5b52d1d7) Importer(815301076,1909f56bfc062723c751e8b465ee728b)
Start importing Assets/ThreeMatch/Scripts/ThreeBoardMgr.cs using Guid(78614cf31d98f2245b377bef5b52d1d7) Importer(815301076,1909f56bfc062723c751e8b465ee728b) [PhysX] Initialized MultithreadedTaskDispatcher with 20 workers.
 -> (artifact id: '00000000000000000000000000000000') in 0.000480 seconds
Import Error Code:(4)
Message: Build asset version error: assets/threematch/scripts/threeboardmgr.cs in SourceAssetDB has modification time of '2026-05-15T09:08:08.0482791Z' while content on disk has modification time of '2026-05-15T09:08:36.2761937Z'
  ERROR: Build asset version error: assets/threematch/scripts/threeboardmgr.cs in SourceAssetDB has modification time of '2026-05-15T09:08:08.0482791Z' while content on disk has modification time of '2026-05-15T09:08:36.2761937Z'
Number of updated asset objects reloaded before import = 0
Number of asset objects unloaded after import = 0
========================================================================
Received Import Request.
  Time since last request: 0.004421 seconds.
  path: Assets/ThreeMatch/Scripts/ThreeBoardMgr.cs
  artifactKey: Guid(78614cf31d98f2245b377bef5b52d1d7) Importer(815301076,1909f56bfc062723c751e8b465ee728b)
Start importing Assets/ThreeMatch/Scripts/ThreeBoardMgr.cs using Guid(78614cf31d98f2245b377bef5b52d1d7) Importer(815301076,1909f56bfc062723c751e8b465ee728b) [PhysX] Initialized MultithreadedTaskDispatcher with 20 workers.
 -> (artifact id: '00000000000000000000000000000000') in 0.000554 seconds
Import Error Code:(4)
Message: Build asset version error: assets/threematch/scripts/threeboardmgr.cs in SourceAssetDB has modification time of '2026-05-15T09:08:08.0482791Z' while content on disk has modification time of '2026-05-15T09:08:36.2761937Z'
  ERROR: Build asset version error: assets/threematch/scripts/threeboardmgr.cs in SourceAssetDB has modification time of '2026-05-15T09:08:08.0482791Z' while content on disk has modification time of '2026-05-15T09:08:36.2761937Z'
Number of updated asset objects reloaded before import = 0
Number of asset objects unloaded after import = 0
========================================================================
Received Import Request.
  Time since last request: 0.004440 seconds.
  path: Assets/ThreeMatch/Scripts/ThreeBoardMgr.cs
  artifactKey: Guid(78614cf31d98f2245b377bef5b52d1d7) Importer(815301076,1909f56bfc062723c751e8b465ee728b)
Start importing Assets/ThreeMatch/Scripts/ThreeBoardMgr.cs using Guid(78614cf31d98f2245b377bef5b52d1d7) Importer(815301076,1909f56bfc062723c751e8b465ee728b) [PhysX] Initialized MultithreadedTaskDispatcher with 20 workers.
 -> (artifact id: '00000000000000000000000000000000') in 0.000430 seconds
Import Error Code:(4)
Message: Build asset version error: assets/threematch/scripts/threeboardmgr.cs in SourceAssetDB has modification time of '2026-05-15T09:08:08.0482791Z' while content on disk has modification time of '2026-05-15T09:08:36.2761937Z'
  ERROR: Build asset version error: assets/threematch/scripts/threeboardmgr.cs in SourceAssetDB has modification time of '2026-05-15T09:08:08.0482791Z' while content on disk has modification time of '2026-05-15T09:08:36.2761937Z'
Number of updated asset objects reloaded before import = 0
Number of asset objects unloaded after import = 0
========================================================================
Received Import Request.
  Time since last request: 0.005168 seconds.
  path: Assets/ThreeMatch/Scripts/ThreeBoardMgr.cs
  artifactKey: Guid(78614cf31d98f2245b377bef5b52d1d7) Importer(815301076,1909f56bfc062723c751e8b465ee728b)
Start importing Assets/ThreeMatch/Scripts/ThreeBoardMgr.cs using Guid(78614cf31d98f2245b377bef5b52d1d7) Importer(815301076,1909f56bfc062723c751e8b465ee728b) [PhysX] Initialized MultithreadedTaskDispatcher with 20 workers.
 -> (artifact id: '00000000000000000000000000000000') in 0.000500 seconds
Import Error Code:(4)
Message: Build asset version error: assets/threematch/scripts/threeboardmgr.cs in SourceAssetDB has modification time of '2026-05-15T09:08:08.0482791Z' while content on disk has modification time of '2026-05-15T09:08:36.2761937Z'
  ERROR: Build asset version error: assets/threematch/scripts/threeboardmgr.cs in SourceAssetDB has modification time of '2026-05-15T09:08:08.0482791Z' while content on disk has modification time of '2026-05-15T09:08:36.2761937Z'
Number of updated asset objects reloaded before import = 0
Number of asset objects unloaded after import = 0
========================================================================
Received Import Request.
  Time since last request: 0.004850 seconds.
  path: Assets/ThreeMatch/Scripts/ThreeBoardMgr.cs
  artifactKey: Guid(78614cf31d98f2245b377bef5b52d1d7) Importer(815301076,1909f56bfc062723c751e8b465ee728b)
Start importing Assets/ThreeMatch/Scripts/ThreeBoardMgr.cs using Guid(78614cf31d98f2245b377bef5b52d1d7) Importer(815301076,1909f56bfc062723c751e8b465ee728b) [PhysX] Initialized MultithreadedTaskDispatcher with 20 workers.
 -> (artifact id: '00000000000000000000000000000000') in 0.000542 seconds
Import Error Code:(4)
Message: Build asset version error: assets/threematch/scripts/threeboardmgr.cs in SourceAssetDB has modification time of '2026-05-15T09:08:08.0482791Z' while content on disk has modification time of '2026-05-15T09:08:36.2761937Z'
  ERROR: Build asset version error: assets/threematch/scripts/threeboardmgr.cs in SourceAssetDB has modification time of '2026-05-15T09:08:08.0482791Z' while content on disk has modification time of '2026-05-15T09:08:36.2761937Z'
Number of updated asset objects reloaded before import = 0
Number of asset objects unloaded after import = 0
========================================================================
Received Import Request.
  Time since last request: 0.004059 seconds.
  path: Assets/ThreeMatch/Scripts/ThreeBoardMgr.cs
  artifactKey: Guid(78614cf31d98f2245b377bef5b52d1d7) Importer(815301076,1909f56bfc062723c751e8b465ee728b)
Start importing Assets/ThreeMatch/Scripts/ThreeBoardMgr.cs using Guid(78614cf31d98f2245b377bef5b52d1d7) Importer(815301076,1909f56bfc062723c751e8b465ee728b) [PhysX] Initialized MultithreadedTaskDispatcher with 20 workers.
 -> (artifact id: '00000000000000000000000000000000') in 0.000470 seconds
Import Error Code:(4)
Message: Build asset version error: assets/threematch/scripts/threeboardmgr.cs in SourceAssetDB has modification time of '2026-05-15T09:08:08.0482791Z' while content on disk has modification time of '2026-05-15T09:08:36.2761937Z'
  ERROR: Build asset version error: assets/threematch/scripts/threeboardmgr.cs in SourceAssetDB has modification time of '2026-05-15T09:08:08.0482791Z' while content on disk has modification time of '2026-05-15T09:08:36.2761937Z'
Number of updated asset objects reloaded before import = 0
Number of asset objects unloaded after import = 0
========================================================================
Received Import Request.
  Time since last request: 0.003923 seconds.
  path: Assets/ThreeMatch/Scripts/ThreeBoardMgr.cs
  artifactKey: Guid(78614cf31d98f2245b377bef5b52d1d7) Importer(815301076,1909f56bfc062723c751e8b465ee728b)
Start importing Assets/ThreeMatch/Scripts/ThreeBoardMgr.cs using Guid(78614cf31d98f2245b377bef5b52d1d7) Importer(815301076,1909f56bfc062723c751e8b465ee728b) [PhysX] Initialized MultithreadedTaskDispatcher with 20 workers.
 -> (artifact id: '00000000000000000000000000000000') in 0.000539 seconds
Import Error Code:(4)
Message: Build asset version error: assets/threematch/scripts/threeboardmgr.cs in SourceAssetDB has modification time of '2026-05-15T09:08:08.0482791Z' while content on disk has modification time of '2026-05-15T09:08:36.2761937Z'
  ERROR: Build asset version error: assets/threematch/scripts/threeboardmgr.cs in SourceAssetDB has modification time of '2026-05-15T09:08:08.0482791Z' while content on disk has modification time of '2026-05-15T09:08:36.2761937Z'
Number of updated asset objects reloaded before import = 0
Number of asset objects unloaded after import = 0
========================================================================
Received Import Request.
  Time since last request: 0.010469 seconds.
  path: Assets/ThreeMatch/Scripts/ThreeBoardMgr.cs
  artifactKey: Guid(78614cf31d98f2245b377bef5b52d1d7) Importer(815301076,1909f56bfc062723c751e8b465ee728b)
Start importing Assets/ThreeMatch/Scripts/ThreeBoardMgr.cs using Guid(78614cf31d98f2245b377bef5b52d1d7) Importer(815301076,1909f56bfc062723c751e8b465ee728b) [PhysX] Initialized MultithreadedTaskDispatcher with 20 workers.
 -> (artifact id: '00000000000000000000000000000000') in 0.000555 seconds
Import Error Code:(4)
Message: Build asset version error: assets/threematch/scripts/threeboardmgr.cs in SourceAssetDB has modification time of '2026-05-15T09:08:08.0482791Z' while content on disk has modification time of '2026-05-15T09:08:36.2761937Z'
  ERROR: Build asset version error: assets/threematch/scripts/threeboardmgr.cs in SourceAssetDB has modification time of '2026-05-15T09:08:08.0482791Z' while content on disk has modification time of '2026-05-15T09:08:36.2761937Z'
Number of updated asset objects reloaded before import = 0
Number of asset objects unloaded after import = 0
========================================================================
Received Import Request.
  Time since last request: 0.005714 seconds.
  path: Assets/ThreeMatch/Scripts/ThreeBoardMgr.cs
  artifactKey: Guid(78614cf31d98f2245b377bef5b52d1d7) Importer(815301076,1909f56bfc062723c751e8b465ee728b)
Start importing Assets/ThreeMatch/Scripts/ThreeBoardMgr.cs using Guid(78614cf31d98f2245b377bef5b52d1d7) Importer(815301076,1909f56bfc062723c751e8b465ee728b) [PhysX] Initialized MultithreadedTaskDispatcher with 20 workers.
 -> (artifact id: '00000000000000000000000000000000') in 0.001437 seconds
Import Error Code:(4)
Message: Build asset version error: assets/threematch/scripts/threeboardmgr.cs in SourceAssetDB has modification time of '2026-05-15T09:08:08.0482791Z' while content on disk has modification time of '2026-05-15T09:08:36.2761937Z'
  ERROR: Build asset version error: assets/threematch/scripts/threeboardmgr.cs in SourceAssetDB has modification time of '2026-05-15T09:08:08.0482791Z' while content on disk has modification time of '2026-05-15T09:08:36.2761937Z'
Number of updated asset objects reloaded before import = 0
Number of asset objects unloaded after import = 0
========================================================================
Received Import Request.
  Time since last request: 0.007961 seconds.
  path: Assets/ThreeMatch/Scripts/ThreeBoardMgr.cs
  artifactKey: Guid(78614cf31d98f2245b377bef5b52d1d7) Importer(815301076,1909f56bfc062723c751e8b465ee728b)
Start importing Assets/ThreeMatch/Scripts/ThreeBoardMgr.cs using Guid(78614cf31d98f2245b377bef5b52d1d7) Importer(815301076,1909f56bfc062723c751e8b465ee728b) [PhysX] Initialized MultithreadedTaskDispatcher with 20 workers.
 -> (artifact id: '00000000000000000000000000000000') in 0.000568 seconds
Import Error Code:(4)
Message: Build asset version error: assets/threematch/scripts/threeboardmgr.cs in SourceAssetDB has modification time of '2026-05-15T09:08:08.0482791Z' while content on disk has modification time of '2026-05-15T09:08:36.2761937Z'
  ERROR: Build asset version error: assets/threematch/scripts/threeboardmgr.cs in SourceAssetDB has modification time of '2026-05-15T09:08:08.0482791Z' while content on disk has modification time of '2026-05-15T09:08:36.2761937Z'
Number of updated asset objects reloaded before import = 0
Number of asset objects unloaded after import = 0
========================================================================
Received Import Request.
  Time since last request: 0.006368 seconds.
  path: Assets/ThreeMatch/Scripts/ThreeBoardMgr.cs
  artifactKey: Guid(78614cf31d98f2245b377bef5b52d1d7) Importer(815301076,1909f56bfc062723c751e8b465ee728b)
Start importing Assets/ThreeMatch/Scripts/ThreeBoardMgr.cs using Guid(78614cf31d98f2245b377bef5b52d1d7) Importer(815301076,1909f56bfc062723c751e8b465ee728b) [PhysX] Initialized MultithreadedTaskDispatcher with 20 workers.
 -> (artifact id: '00000000000000000000000000000000') in 0.000522 seconds
Import Error Code:(4)
Message: Build asset version error: assets/threematch/scripts/threeboardmgr.cs in SourceAssetDB has modification time of '2026-05-15T09:08:08.0482791Z' while content on disk has modification time of '2026-05-15T09:08:36.2761937Z'
  ERROR: Build asset version error: assets/threematch/scripts/threeboardmgr.cs in SourceAssetDB has modification time of '2026-05-15T09:08:08.0482791Z' while content on disk has modification time of '2026-05-15T09:08:36.2761937Z'
Number of updated asset objects reloaded before import = 0
Number of asset objects unloaded after import = 0
========================================================================
Received Import Request.
  Time since last request: 0.004684 seconds.
  path: Assets/ThreeMatch/Scripts/ThreeBoardMgr.cs
  artifactKey: Guid(78614cf31d98f2245b377bef5b52d1d7) Importer(815301076,1909f56bfc062723c751e8b465ee728b)
Start importing Assets/ThreeMatch/Scripts/ThreeBoardMgr.cs using Guid(78614cf31d98f2245b377bef5b52d1d7) Importer(815301076,1909f56bfc062723c751e8b465ee728b) [PhysX] Initialized MultithreadedTaskDispatcher with 20 workers.
 -> (artifact id: '00000000000000000000000000000000') in 0.000531 seconds
Import Error Code:(4)
Message: Build asset version error: assets/threematch/scripts/threeboardmgr.cs in SourceAssetDB has modification time of '2026-05-15T09:08:08.0482791Z' while content on disk has modification time of '2026-05-15T09:08:36.2761937Z'
  ERROR: Build asset version error: assets/threematch/scripts/threeboardmgr.cs in SourceAssetDB has modification time of '2026-05-15T09:08:08.0482791Z' while content on disk has modification time of '2026-05-15T09:08:36.2761937Z'
Number of updated asset objects reloaded before import = 0
Number of asset objects unloaded after import = 0
========================================================================
Received Import Request.
  Time since last request: 0.006443 seconds.
  path: Assets/ThreeMatch/Scripts/ThreeBoardMgr.cs
  artifactKey: Guid(78614cf31d98f2245b377bef5b52d1d7) Importer(815301076,1909f56bfc062723c751e8b465ee728b)
Start importing Assets/ThreeMatch/Scripts/ThreeBoardMgr.cs using Guid(78614cf31d98f2245b377bef5b52d1d7) Importer(815301076,1909f56bfc062723c751e8b465ee728b) [PhysX] Initialized MultithreadedTaskDispatcher with 20 workers.
 -> (artifact id: '00000000000000000000000000000000') in 0.000710 seconds
Import Error Code:(4)
Message: Build asset version error: assets/threematch/scripts/threeboardmgr.cs in SourceAssetDB has modification time of '2026-05-15T09:08:08.0482791Z' while content on disk has modification time of '2026-05-15T09:08:36.2761937Z'
  ERROR: Build asset version error: assets/threematch/scripts/threeboardmgr.cs in SourceAssetDB has modification time of '2026-05-15T09:08:08.0482791Z' while content on disk has modification time of '2026-05-15T09:08:36.2761937Z'
Number of updated asset objects reloaded before import = 0
Number of asset objects unloaded after import = 0
========================================================================
Received Import Request.
  Time since last request: 0.005538 seconds.
  path: Assets/ThreeMatch/Scripts/ThreeBoardMgr.cs
  artifactKey: Guid(78614cf31d98f2245b377bef5b52d1d7) Importer(815301076,1909f56bfc062723c751e8b465ee728b)
Start importing Assets/ThreeMatch/Scripts/ThreeBoardMgr.cs using Guid(78614cf31d98f2245b377bef5b52d1d7) Importer(815301076,1909f56bfc062723c751e8b465ee728b) [PhysX] Initialized MultithreadedTaskDispatcher with 20 workers.
 -> (artifact id: '00000000000000000000000000000000') in 0.000520 seconds
Import Error Code:(4)
Message: Build asset version error: assets/threematch/scripts/threeboardmgr.cs in SourceAssetDB has modification time of '2026-05-15T09:08:08.0482791Z' while content on disk has modification time of '2026-05-15T09:08:36.2761937Z'
  ERROR: Build asset version error: assets/threematch/scripts/threeboardmgr.cs in SourceAssetDB has modification time of '2026-05-15T09:08:08.0482791Z' while content on disk has modification time of '2026-05-15T09:08:36.2761937Z'
Number of updated asset objects reloaded before import = 0
Number of asset objects unloaded after import = 0
========================================================================
Received Import Request.
  Time since last request: 0.004855 seconds.
  path: Assets/ThreeMatch/Scripts/ThreeBoardMgr.cs
  artifactKey: Guid(78614cf31d98f2245b377bef5b52d1d7) Importer(815301076,1909f56bfc062723c751e8b465ee728b)
Start importing Assets/ThreeMatch/Scripts/ThreeBoardMgr.cs using Guid(78614cf31d98f2245b377bef5b52d1d7) Importer(815301076,1909f56bfc062723c751e8b465ee728b) [PhysX] Initialized MultithreadedTaskDispatcher with 20 workers.
 -> (artifact id: '00000000000000000000000000000000') in 0.000517 seconds
Import Error Code:(4)
Message: Build asset version error: assets/threematch/scripts/threeboardmgr.cs in SourceAssetDB has modification time of '2026-05-15T09:08:08.0482791Z' while content on disk has modification time of '2026-05-15T09:08:36.2761937Z'
  ERROR: Build asset version error: assets/threematch/scripts/threeboardmgr.cs in SourceAssetDB has modification time of '2026-05-15T09:08:08.0482791Z' while content on disk has modification time of '2026-05-15T09:08:36.2761937Z'
Number of updated asset objects reloaded before import = 0
Number of asset objects unloaded after import = 0
========================================================================
Received Import Request.
  Time since last request: 0.005947 seconds.
  path: Assets/ThreeMatch/Scripts/ThreeBoardMgr.cs
  artifactKey: Guid(78614cf31d98f2245b377bef5b52d1d7) Importer(815301076,1909f56bfc062723c751e8b465ee728b)
Start importing Assets/ThreeMatch/Scripts/ThreeBoardMgr.cs using Guid(78614cf31d98f2245b377bef5b52d1d7) Importer(815301076,1909f56bfc062723c751e8b465ee728b) [PhysX] Initialized MultithreadedTaskDispatcher with 20 workers.
 -> (artifact id: '00000000000000000000000000000000') in 0.002970 seconds
Import Error Code:(4)
Message: Build asset version error: assets/threematch/scripts/threeboardmgr.cs in SourceAssetDB has modification time of '2026-05-15T09:08:08.0482791Z' while content on disk has modification time of '2026-05-15T09:08:37.0038179Z'
  ERROR: Build asset version error: assets/threematch/scripts/threeboardmgr.cs in SourceAssetDB has modification time of '2026-05-15T09:08:08.0482791Z' while content on disk has modification time of '2026-05-15T09:08:37.0038179Z'
Number of updated asset objects reloaded before import = 0
Number of asset objects unloaded after import = 0
========================================================================
Received Import Request.
  Time since last request: 0.002917 seconds.
  path: Assets/ThreeMatch/Scripts/ThreeBoardMgr.cs
  artifactKey: Guid(78614cf31d98f2245b377bef5b52d1d7) Importer(815301076,1909f56bfc062723c751e8b465ee728b)
Start importing Assets/ThreeMatch/Scripts/ThreeBoardMgr.cs using Guid(78614cf31d98f2245b377bef5b52d1d7) Importer(815301076,1909f56bfc062723c751e8b465ee728b) [PhysX] Initialized MultithreadedTaskDispatcher with 20 workers.
 -> (artifact id: '00000000000000000000000000000000') in 0.000477 seconds
Import Error Code:(4)
Message: Build asset version error: assets/threematch/scripts/threeboardmgr.cs in SourceAssetDB has modification time of '2026-05-15T09:08:08.0482791Z' while content on disk has modification time of '2026-05-15T09:08:37.0038179Z'
  ERROR: Build asset version error: assets/threematch/scripts/threeboardmgr.cs in SourceAssetDB has modification time of '2026-05-15T09:08:08.0482791Z' while content on disk has modification time of '2026-05-15T09:08:37.0038179Z'
Number of updated asset objects reloaded before import = 0
Number of asset objects unloaded after import = 0
========================================================================
Received Import Request.
  Time since last request: 0.005553 seconds.
  path: Assets/ThreeMatch/Scripts/ThreeBoardMgr.cs
  artifactKey: Guid(78614cf31d98f2245b377bef5b52d1d7) Importer(815301076,1909f56bfc062723c751e8b465ee728b)
Start importing Assets/ThreeMatch/Scripts/ThreeBoardMgr.cs using Guid(78614cf31d98f2245b377bef5b52d1d7) Importer(815301076,1909f56bfc062723c751e8b465ee728b) [PhysX] Initialized MultithreadedTaskDispatcher with 20 workers.
 -> (artifact id: '00000000000000000000000000000000') in 0.000548 seconds
Import Error Code:(4)
Message: Build asset version error: assets/threematch/scripts/threeboardmgr.cs in SourceAssetDB has modification time of '2026-05-15T09:08:08.0482791Z' while content on disk has modification time of '2026-05-15T09:08:37.0038179Z'
  ERROR: Build asset version error: assets/threematch/scripts/threeboardmgr.cs in SourceAssetDB has modification time of '2026-05-15T09:08:08.0482791Z' while content on disk has modification time of '2026-05-15T09:08:37.0038179Z'
Number of updated asset objects reloaded before import = 0
Number of asset objects unloaded after import = 0
========================================================================
Received Import Request.
  Time since last request: 0.004032 seconds.
  path: Assets/ThreeMatch/Scripts/ThreeBoardMgr.cs
  artifactKey: Guid(78614cf31d98f2245b377bef5b52d1d7) Importer(815301076,1909f56bfc062723c751e8b465ee728b)
Start importing Assets/ThreeMatch/Scripts/ThreeBoardMgr.cs using Guid(78614cf31d98f2245b377bef5b52d1d7) Importer(815301076,1909f56bfc062723c751e8b465ee728b) [PhysX] Initialized MultithreadedTaskDispatcher with 20 workers.
 -> (artifact id: '00000000000000000000000000000000') in 0.000573 seconds
Import Error Code:(4)
Message: Build asset version error: assets/threematch/scripts/threeboardmgr.cs in SourceAssetDB has modification time of '2026-05-15T09:08:08.0482791Z' while content on disk has modification time of '2026-05-15T09:08:37.0038179Z'
  ERROR: Build asset version error: assets/threematch/scripts/threeboardmgr.cs in SourceAssetDB has modification time of '2026-05-15T09:08:08.0482791Z' while content on disk has modification time of '2026-05-15T09:08:37.0038179Z'
Number of updated asset objects reloaded before import = 0
Number of asset objects unloaded after import = 0
========================================================================
Received Import Request.
  Time since last request: 0.005533 seconds.
  path: Assets/ThreeMatch/Scripts/ThreeBoardMgr.cs
  artifactKey: Guid(78614cf31d98f2245b377bef5b52d1d7) Importer(815301076,1909f56bfc062723c751e8b465ee728b)
Start importing Assets/ThreeMatch/Scripts/ThreeBoardMgr.cs using Guid(78614cf31d98f2245b377bef5b52d1d7) Importer(815301076,1909f56bfc062723c751e8b465ee728b) [PhysX] Initialized MultithreadedTaskDispatcher with 20 workers.
 -> (artifact id: '00000000000000000000000000000000') in 0.000485 seconds
Import Error Code:(4)
Message: Build asset version error: assets/threematch/scripts/threeboardmgr.cs in SourceAssetDB has modification time of '2026-05-15T09:08:08.0482791Z' while content on disk has modification time of '2026-05-15T09:08:37.0038179Z'
  ERROR: Build asset version error: assets/threematch/scripts/threeboardmgr.cs in SourceAssetDB has modification time of '2026-05-15T09:08:08.0482791Z' while content on disk has modification time of '2026-05-15T09:08:37.0038179Z'
Number of updated asset objects reloaded before import = 0
Number of asset objects unloaded after import = 0
========================================================================
Received Import Request.
  Time since last request: 0.005072 seconds.
  path: Assets/ThreeMatch/Scripts/ThreeBoardMgr.cs
  artifactKey: Guid(78614cf31d98f2245b377bef5b52d1d7) Importer(815301076,1909f56bfc062723c751e8b465ee728b)
Start importing Assets/ThreeMatch/Scripts/ThreeBoardMgr.cs using Guid(78614cf31d98f2245b377bef5b52d1d7) Importer(815301076,1909f56bfc062723c751e8b465ee728b) [PhysX] Initialized MultithreadedTaskDispatcher with 20 workers.
 -> (artifact id: '00000000000000000000000000000000') in 0.000528 seconds
Import Error Code:(4)
Message: Build asset version error: assets/threematch/scripts/threeboardmgr.cs in SourceAssetDB has modification time of '2026-05-15T09:08:08.0482791Z' while content on disk has modification time of '2026-05-15T09:08:37.0038179Z'
  ERROR: Build asset version error: assets/threematch/scripts/threeboardmgr.cs in SourceAssetDB has modification time of '2026-05-15T09:08:08.0482791Z' while content on disk has modification time of '2026-05-15T09:08:37.0038179Z'
Number of updated asset objects reloaded before import = 0
Number of asset objects unloaded after import = 0
========================================================================
Received Import Request.
  Time since last request: 0.004416 seconds.
  path: Assets/ThreeMatch/Scripts/ThreeBoardMgr.cs
  artifactKey: Guid(78614cf31d98f2245b377bef5b52d1d7) Importer(815301076,1909f56bfc062723c751e8b465ee728b)
Start importing Assets/ThreeMatch/Scripts/ThreeBoardMgr.cs using Guid(78614cf31d98f2245b377bef5b52d1d7) Importer(815301076,1909f56bfc062723c751e8b465ee728b) [PhysX] Initialized MultithreadedTaskDispatcher with 20 workers.
 -> (artifact id: '00000000000000000000000000000000') in 0.000527 seconds
Import Error Code:(4)
Message: Build asset version error: assets/threematch/scripts/threeboardmgr.cs in SourceAssetDB has modification time of '2026-05-15T09:08:08.0482791Z' while content on disk has modification time of '2026-05-15T09:08:37.0038179Z'
  ERROR: Build asset version error: assets/threematch/scripts/threeboardmgr.cs in SourceAssetDB has modification time of '2026-05-15T09:08:08.0482791Z' while content on disk has modification time of '2026-05-15T09:08:37.0038179Z'
Number of updated asset objects reloaded before import = 0
Number of asset objects unloaded after import = 0
========================================================================
Received Import Request.
  Time since last request: 0.005096 seconds.
  path: Assets/ThreeMatch/Scripts/ThreeBoardMgr.cs
  artifactKey: Guid(78614cf31d98f2245b377bef5b52d1d7) Importer(815301076,1909f56bfc062723c751e8b465ee728b)
Start importing Assets/ThreeMatch/Scripts/ThreeBoardMgr.cs using Guid(78614cf31d98f2245b377bef5b52d1d7) Importer(815301076,1909f56bfc062723c751e8b465ee728b) [PhysX] Initialized MultithreadedTaskDispatcher with 20 workers.
 -> (artifact id: '00000000000000000000000000000000') in 0.000508 seconds
Import Error Code:(4)
Message: Build asset version error: assets/threematch/scripts/threeboardmgr.cs in SourceAssetDB has modification time of '2026-05-15T09:08:08.0482791Z' while content on disk has modification time of '2026-05-15T09:08:37.0038179Z'
  ERROR: Build asset version error: assets/threematch/scripts/threeboardmgr.cs in SourceAssetDB has modification time of '2026-05-15T09:08:08.0482791Z' while content on disk has modification time of '2026-05-15T09:08:37.0038179Z'
Number of updated asset objects reloaded before import = 0
Number of asset objects unloaded after import = 0
========================================================================
Received Import Request.
  Time since last request: 0.005163 seconds.
  path: Assets/ThreeMatch/Scripts/ThreeBoardMgr.cs
  artifactKey: Guid(78614cf31d98f2245b377bef5b52d1d7) Importer(815301076,1909f56bfc062723c751e8b465ee728b)
Start importing Assets/ThreeMatch/Scripts/ThreeBoardMgr.cs using Guid(78614cf31d98f2245b377bef5b52d1d7) Importer(815301076,1909f56bfc062723c751e8b465ee728b) [PhysX] Initialized MultithreadedTaskDispatcher with 20 workers.
 -> (artifact id: '00000000000000000000000000000000') in 0.000530 seconds
Import Error Code:(4)
Message: Build asset version error: assets/threematch/scripts/threeboardmgr.cs in SourceAssetDB has modification time of '2026-05-15T09:08:08.0482791Z' while content on disk has modification time of '2026-05-15T09:08:37.0038179Z'
  ERROR: Build asset version error: assets/threematch/scripts/threeboardmgr.cs in SourceAssetDB has modification time of '2026-05-15T09:08:08.0482791Z' while content on disk has modification time of '2026-05-15T09:08:37.0038179Z'
Number of updated asset objects reloaded before import = 0
Number of asset objects unloaded after import = 0
========================================================================
Received Import Request.
  Time since last request: 0.004661 seconds.
  path: Assets/ThreeMatch/Scripts/ThreeBoardMgr.cs
  artifactKey: Guid(78614cf31d98f2245b377bef5b52d1d7) Importer(815301076,1909f56bfc062723c751e8b465ee728b)
Start importing Assets/ThreeMatch/Scripts/ThreeBoardMgr.cs using Guid(78614cf31d98f2245b377bef5b52d1d7) Importer(815301076,1909f56bfc062723c751e8b465ee728b) [PhysX] Initialized MultithreadedTaskDispatcher with 20 workers.
 -> (artifact id: '00000000000000000000000000000000') in 0.000550 seconds
Import Error Code:(4)
Message: Build asset version error: assets/threematch/scripts/threeboardmgr.cs in SourceAssetDB has modification time of '2026-05-15T09:08:08.0482791Z' while content on disk has modification time of '2026-05-15T09:08:37.0038179Z'
  ERROR: Build asset version error: assets/threematch/scripts/threeboardmgr.cs in SourceAssetDB has modification time of '2026-05-15T09:08:08.0482791Z' while content on disk has modification time of '2026-05-15T09:08:37.0038179Z'
Number of updated asset objects reloaded before import = 0
Number of asset objects unloaded after import = 0
========================================================================
Received Import Request.
  Time since last request: 0.004534 seconds.
  path: Assets/ThreeMatch/Scripts/ThreeBoardMgr.cs
  artifactKey: Guid(78614cf31d98f2245b377bef5b52d1d7) Importer(815301076,1909f56bfc062723c751e8b465ee728b)
Start importing Assets/ThreeMatch/Scripts/ThreeBoardMgr.cs using Guid(78614cf31d98f2245b377bef5b52d1d7) Importer(815301076,1909f56bfc062723c751e8b465ee728b) [PhysX] Initialized MultithreadedTaskDispatcher with 20 workers.
 -> (artifact id: '00000000000000000000000000000000') in 0.000517 seconds
Import Error Code:(4)
Message: Build asset version error: assets/threematch/scripts/threeboardmgr.cs in SourceAssetDB has modification time of '2026-05-15T09:08:08.0482791Z' while content on disk has modification time of '2026-05-15T09:08:37.0038179Z'
  ERROR: Build asset version error: assets/threematch/scripts/threeboardmgr.cs in SourceAssetDB has modification time of '2026-05-15T09:08:08.0482791Z' while content on disk has modification time of '2026-05-15T09:08:37.0038179Z'
Number of updated asset objects reloaded before import = 0
Number of asset objects unloaded after import = 0
========================================================================
Received Import Request.
  Time since last request: 0.003831 seconds.
  path: Assets/ThreeMatch/Scripts/ThreeBoardMgr.cs
  artifactKey: Guid(78614cf31d98f2245b377bef5b52d1d7) Importer(815301076,1909f56bfc062723c751e8b465ee728b)
Start importing Assets/ThreeMatch/Scripts/ThreeBoardMgr.cs using Guid(78614cf31d98f2245b377bef5b52d1d7) Importer(815301076,1909f56bfc062723c751e8b465ee728b) [PhysX] Initialized MultithreadedTaskDispatcher with 20 workers.
 -> (artifact id: '00000000000000000000000000000000') in 0.000540 seconds
Import Error Code:(4)
Message: Build asset version error: assets/threematch/scripts/threeboardmgr.cs in SourceAssetDB has modification time of '2026-05-15T09:08:08.0482791Z' while content on disk has modification time of '2026-05-15T09:08:37.0038179Z'
  ERROR: Build asset version error: assets/threematch/scripts/threeboardmgr.cs in SourceAssetDB has modification time of '2026-05-15T09:08:08.0482791Z' while content on disk has modification time of '2026-05-15T09:08:37.0038179Z'
Number of updated asset objects reloaded before import = 0
Number of asset objects unloaded after import = 0
========================================================================
Received Import Request.
  Time since last request: 0.004548 seconds.
  path: Assets/ThreeMatch/Scripts/ThreeBoardMgr.cs
  artifactKey: Guid(78614cf31d98f2245b377bef5b52d1d7) Importer(815301076,1909f56bfc062723c751e8b465ee728b)
Start importing Assets/ThreeMatch/Scripts/ThreeBoardMgr.cs using Guid(78614cf31d98f2245b377bef5b52d1d7) Importer(815301076,1909f56bfc062723c751e8b465ee728b) [PhysX] Initialized MultithreadedTaskDispatcher with 20 workers.
 -> (artifact id: '00000000000000000000000000000000') in 0.000473 seconds
Import Error Code:(4)
Message: Build asset version error: assets/threematch/scripts/threeboardmgr.cs in SourceAssetDB has modification time of '2026-05-15T09:08:08.0482791Z' while content on disk has modification time of '2026-05-15T09:08:37.0038179Z'
  ERROR: Build asset version error: assets/threematch/scripts/threeboardmgr.cs in SourceAssetDB has modification time of '2026-05-15T09:08:08.0482791Z' while content on disk has modification time of '2026-05-15T09:08:37.0038179Z'
Number of updated asset objects reloaded before import = 0
Number of asset objects unloaded after import = 0
========================================================================
Received Import Request.
  Time since last request: 0.004884 seconds.
  path: Assets/ThreeMatch/Scripts/ThreeBoardMgr.cs
  artifactKey: Guid(78614cf31d98f2245b377bef5b52d1d7) Importer(815301076,1909f56bfc062723c751e8b465ee728b)
Start importing Assets/ThreeMatch/Scripts/ThreeBoardMgr.cs using Guid(78614cf31d98f2245b377bef5b52d1d7) Importer(815301076,1909f56bfc062723c751e8b465ee728b) [PhysX] Initialized MultithreadedTaskDispatcher with 20 workers.
 -> (artifact id: '00000000000000000000000000000000') in 0.000503 seconds
Import Error Code:(4)
Message: Build asset version error: assets/threematch/scripts/threeboardmgr.cs in SourceAssetDB has modification time of '2026-05-15T09:08:08.0482791Z' while content on disk has modification time of '2026-05-15T09:08:37.0038179Z'
  ERROR: Build asset version error: assets/threematch/scripts/threeboardmgr.cs in SourceAssetDB has modification time of '2026-05-15T09:08:08.0482791Z' while content on disk has modification time of '2026-05-15T09:08:37.0038179Z'
Number of updated asset objects reloaded before import = 0
Number of asset objects unloaded after import = 0
========================================================================
Received Import Request.
  Time since last request: 0.003824 seconds.
  path: Assets/ThreeMatch/Scripts/ThreeBoardMgr.cs
  artifactKey: Guid(78614cf31d98f2245b377bef5b52d1d7) Importer(815301076,1909f56bfc062723c751e8b465ee728b)
Start importing Assets/ThreeMatch/Scripts/ThreeBoardMgr.cs using Guid(78614cf31d98f2245b377bef5b52d1d7) Importer(815301076,1909f56bfc062723c751e8b465ee728b) [PhysX] Initialized MultithreadedTaskDispatcher with 20 workers.
 -> (artifact id: '00000000000000000000000000000000') in 0.000553 seconds
Import Error Code:(4)
Message: Build asset version error: assets/threematch/scripts/threeboardmgr.cs in SourceAssetDB has modification time of '2026-05-15T09:08:08.0482791Z' while content on disk has modification time of '2026-05-15T09:08:37.0038179Z'
  ERROR: Build asset version error: assets/threematch/scripts/threeboardmgr.cs in SourceAssetDB has modification time of '2026-05-15T09:08:08.0482791Z' while content on disk has modification time of '2026-05-15T09:08:37.0038179Z'
Number of updated asset objects reloaded before import = 0
Number of asset objects unloaded after import = 0
========================================================================
Received Import Request.
  Time since last request: 0.004474 seconds.
  path: Assets/ThreeMatch/Scripts/ThreeBoardMgr.cs
  artifactKey: Guid(78614cf31d98f2245b377bef5b52d1d7) Importer(815301076,1909f56bfc062723c751e8b465ee728b)
Start importing Assets/ThreeMatch/Scripts/ThreeBoardMgr.cs using Guid(78614cf31d98f2245b377bef5b52d1d7) Importer(815301076,1909f56bfc062723c751e8b465ee728b) [PhysX] Initialized MultithreadedTaskDispatcher with 20 workers.
 -> (artifact id: '00000000000000000000000000000000') in 0.000463 seconds
Import Error Code:(4)
Message: Build asset version error: assets/threematch/scripts/threeboardmgr.cs in SourceAssetDB has modification time of '2026-05-15T09:08:08.0482791Z' while content on disk has modification time of '2026-05-15T09:08:37.0038179Z'
  ERROR: Build asset version error: assets/threematch/scripts/threeboardmgr.cs in SourceAssetDB has modification time of '2026-05-15T09:08:08.0482791Z' while content on disk has modification time of '2026-05-15T09:08:37.0038179Z'
Number of updated asset objects reloaded before import = 0
Number of asset objects unloaded after import = 0
========================================================================
Received Import Request.
  Time since last request: 0.004047 seconds.
  path: Assets/ThreeMatch/Scripts/ThreeBoardMgr.cs
  artifactKey: Guid(78614cf31d98f2245b377bef5b52d1d7) Importer(815301076,1909f56bfc062723c751e8b465ee728b)
Start importing Assets/ThreeMatch/Scripts/ThreeBoardMgr.cs using Guid(78614cf31d98f2245b377bef5b52d1d7) Importer(815301076,1909f56bfc062723c751e8b465ee728b) [PhysX] Initialized MultithreadedTaskDispatcher with 20 workers.
 -> (artifact id: '00000000000000000000000000000000') in 0.000596 seconds
Import Error Code:(4)
Message: Build asset version error: assets/threematch/scripts/threeboardmgr.cs in SourceAssetDB has modification time of '2026-05-15T09:08:08.0482791Z' while content on disk has modification time of '2026-05-15T09:08:37.0038179Z'
  ERROR: Build asset version error: assets/threematch/scripts/threeboardmgr.cs in SourceAssetDB has modification time of '2026-05-15T09:08:08.0482791Z' while content on disk has modification time of '2026-05-15T09:08:37.0038179Z'
Number of updated asset objects reloaded before import = 0
Number of asset objects unloaded after import = 0
========================================================================
Received Import Request.
  Time since last request: 0.005018 seconds.
  path: Assets/ThreeMatch/Scripts/ThreeBoardMgr.cs
  artifactKey: Guid(78614cf31d98f2245b377bef5b52d1d7) Importer(815301076,1909f56bfc062723c751e8b465ee728b)
Start importing Assets/ThreeMatch/Scripts/ThreeBoardMgr.cs using Guid(78614cf31d98f2245b377bef5b52d1d7) Importer(815301076,1909f56bfc062723c751e8b465ee728b) [PhysX] Initialized MultithreadedTaskDispatcher with 20 workers.
 -> (artifact id: '00000000000000000000000000000000') in 0.001172 seconds
Import Error Code:(4)
Message: Build asset version error: assets/threematch/scripts/threeboardmgr.cs in SourceAssetDB has modification time of '2026-05-15T09:08:08.0482791Z' while content on disk has modification time of '2026-05-15T09:08:37.0038179Z'
  ERROR: Build asset version error: assets/threematch/scripts/threeboardmgr.cs in SourceAssetDB has modification time of '2026-05-15T09:08:08.0482791Z' while content on disk has modification time of '2026-05-15T09:08:37.0038179Z'
Number of updated asset objects reloaded before import = 0
Number of asset objects unloaded after import = 0
========================================================================
Received Import Request.
  Time since last request: 0.005047 seconds.
  path: Assets/ThreeMatch/Scripts/ThreeBoardMgr.cs
  artifactKey: Guid(78614cf31d98f2245b377bef5b52d1d7) Importer(815301076,1909f56bfc062723c751e8b465ee728b)
Start importing Assets/ThreeMatch/Scripts/ThreeBoardMgr.cs using Guid(78614cf31d98f2245b377bef5b52d1d7) Importer(815301076,1909f56bfc062723c751e8b465ee728b) [PhysX] Initialized MultithreadedTaskDispatcher with 20 workers.
 -> (artifact id: '00000000000000000000000000000000') in 0.000466 seconds
Import Error Code:(4)
Message: Build asset version error: assets/threematch/scripts/threeboardmgr.cs in SourceAssetDB has modification time of '2026-05-15T09:08:08.0482791Z' while content on disk has modification time of '2026-05-15T09:08:37.0038179Z'
  ERROR: Build asset version error: assets/threematch/scripts/threeboardmgr.cs in SourceAssetDB has modification time of '2026-05-15T09:08:08.0482791Z' while content on disk has modification time of '2026-05-15T09:08:37.0038179Z'
Number of updated asset objects reloaded before import = 0
Number of asset objects unloaded after import = 0
========================================================================
Received Import Request.
  Time since last request: 0.003730 seconds.
  path: Assets/ThreeMatch/Scripts/ThreeBoardMgr.cs
  artifactKey: Guid(78614cf31d98f2245b377bef5b52d1d7) Importer(815301076,1909f56bfc062723c751e8b465ee728b)
Start importing Assets/ThreeMatch/Scripts/ThreeBoardMgr.cs using Guid(78614cf31d98f2245b377bef5b52d1d7) Importer(815301076,1909f56bfc062723c751e8b465ee728b) [PhysX] Initialized MultithreadedTaskDispatcher with 20 workers.
 -> (artifact id: '00000000000000000000000000000000') in 0.000458 seconds
Import Error Code:(4)
Message: Build asset version error: assets/threematch/scripts/threeboardmgr.cs in SourceAssetDB has modification time of '2026-05-15T09:08:08.0482791Z' while content on disk has modification time of '2026-05-15T09:08:37.0038179Z'
  ERROR: Build asset version error: assets/threematch/scripts/threeboardmgr.cs in SourceAssetDB has modification time of '2026-05-15T09:08:08.0482791Z' while content on disk has modification time of '2026-05-15T09:08:37.0038179Z'
Number of updated asset objects reloaded before import = 0
Number of asset objects unloaded after import = 0
========================================================================
Received Import Request.
  Time since last request: 0.006399 seconds.
  path: Assets/ThreeMatch/Scripts/ThreeBoardMgr.cs
  artifactKey: Guid(78614cf31d98f2245b377bef5b52d1d7) Importer(815301076,1909f56bfc062723c751e8b465ee728b)
Start importing Assets/ThreeMatch/Scripts/ThreeBoardMgr.cs using Guid(78614cf31d98f2245b377bef5b52d1d7) Importer(815301076,1909f56bfc062723c751e8b465ee728b) [PhysX] Initialized MultithreadedTaskDispatcher with 20 workers.
 -> (artifact id: '00000000000000000000000000000000') in 0.000736 seconds
Import Error Code:(4)
Message: Build asset version error: assets/threematch/scripts/threeboardmgr.cs in SourceAssetDB has modification time of '2026-05-15T09:08:08.0482791Z' while content on disk has modification time of '2026-05-15T09:08:37.0038179Z'
  ERROR: Build asset version error: assets/threematch/scripts/threeboardmgr.cs in SourceAssetDB has modification time of '2026-05-15T09:08:08.0482791Z' while content on disk has modification time of '2026-05-15T09:08:37.0038179Z'
Number of updated asset objects reloaded before import = 0
Number of asset objects unloaded after import = 0
========================================================================
Received Import Request.
  Time since last request: 0.005071 seconds.
  path: Assets/ThreeMatch/Scripts/ThreeBoardMgr.cs
  artifactKey: Guid(78614cf31d98f2245b377bef5b52d1d7) Importer(815301076,1909f56bfc062723c751e8b465ee728b)
Start importing Assets/ThreeMatch/Scripts/ThreeBoardMgr.cs using Guid(78614cf31d98f2245b377bef5b52d1d7) Importer(815301076,1909f56bfc062723c751e8b465ee728b) [PhysX] Initialized MultithreadedTaskDispatcher with 20 workers.
 -> (artifact id: '00000000000000000000000000000000') in 0.000476 seconds
Import Error Code:(4)
Message: Build asset version error: assets/threematch/scripts/threeboardmgr.cs in SourceAssetDB has modification time of '2026-05-15T09:08:08.0482791Z' while content on disk has modification time of '2026-05-15T09:08:37.0038179Z'
  ERROR: Build asset version error: assets/threematch/scripts/threeboardmgr.cs in SourceAssetDB has modification time of '2026-05-15T09:08:08.0482791Z' while content on disk has modification time of '2026-05-15T09:08:37.0038179Z'
Number of updated asset objects reloaded before import = 0
Number of asset objects unloaded after import = 0
========================================================================
Received Import Request.
  Time since last request: 0.004696 seconds.
  path: Assets/ThreeMatch/Scripts/ThreeBoardMgr.cs
  artifactKey: Guid(78614cf31d98f2245b377bef5b52d1d7) Importer(815301076,1909f56bfc062723c751e8b465ee728b)
Start importing Assets/ThreeMatch/Scripts/ThreeBoardMgr.cs using Guid(78614cf31d98f2245b377bef5b52d1d7) Importer(815301076,1909f56bfc062723c751e8b465ee728b) [PhysX] Initialized MultithreadedTaskDispatcher with 20 workers.
 -> (artifact id: '00000000000000000000000000000000') in 0.000501 seconds
Import Error Code:(4)
Message: Build asset version error: assets/threematch/scripts/threeboardmgr.cs in SourceAssetDB has modification time of '2026-05-15T09:08:08.0482791Z' while content on disk has modification time of '2026-05-15T09:08:37.0038179Z'
  ERROR: Build asset version error: assets/threematch/scripts/threeboardmgr.cs in SourceAssetDB has modification time of '2026-05-15T09:08:08.0482791Z' while content on disk has modification time of '2026-05-15T09:08:37.0038179Z'
Number of updated asset objects reloaded before import = 0
Number of asset objects unloaded after import = 0
========================================================================
Received Import Request.
  Time since last request: 0.007347 seconds.
  path: Assets/ThreeMatch/Scripts/ThreeBoardMgr.cs
  artifactKey: Guid(78614cf31d98f2245b377bef5b52d1d7) Importer(815301076,1909f56bfc062723c751e8b465ee728b)
Start importing Assets/ThreeMatch/Scripts/ThreeBoardMgr.cs using Guid(78614cf31d98f2245b377bef5b52d1d7) Importer(815301076,1909f56bfc062723c751e8b465ee728b) [PhysX] Initialized MultithreadedTaskDispatcher with 20 workers.
 -> (artifact id: '00000000000000000000000000000000') in 0.000525 seconds
Import Error Code:(4)
Message: Build asset version error: assets/threematch/scripts/threeboardmgr.cs in SourceAssetDB has modification time of '2026-05-15T09:08:08.0482791Z' while content on disk has modification time of '2026-05-15T09:08:37.0038179Z'
  ERROR: Build asset version error: assets/threematch/scripts/threeboardmgr.cs in SourceAssetDB has modification time of '2026-05-15T09:08:08.0482791Z' while content on disk has modification time of '2026-05-15T09:08:37.0038179Z'
Number of updated asset objects reloaded before import = 0
Number of asset objects unloaded after import = 0
========================================================================
Received Import Request.
  Time since last request: 0.004966 seconds.
  path: Assets/ThreeMatch/Scripts/ThreeBoardMgr.cs
  artifactKey: Guid(78614cf31d98f2245b377bef5b52d1d7) Importer(815301076,1909f56bfc062723c751e8b465ee728b)
Start importing Assets/ThreeMatch/Scripts/ThreeBoardMgr.cs using Guid(78614cf31d98f2245b377bef5b52d1d7) Importer(815301076,1909f56bfc062723c751e8b465ee728b) [PhysX] Initialized MultithreadedTaskDispatcher with 20 workers.
 -> (artifact id: '00000000000000000000000000000000') in 0.000424 seconds
Import Error Code:(4)
Message: Build asset version error: assets/threematch/scripts/threeboardmgr.cs in SourceAssetDB has modification time of '2026-05-15T09:08:08.0482791Z' while content on disk has modification time of '2026-05-15T09:08:37.0038179Z'
  ERROR: Build asset version error: assets/threematch/scripts/threeboardmgr.cs in SourceAssetDB has modification time of '2026-05-15T09:08:08.0482791Z' while content on disk has modification time of '2026-05-15T09:08:37.0038179Z'
Number of updated asset objects reloaded before import = 0
Number of asset objects unloaded after import = 0
========================================================================
Received Import Request.
  Time since last request: 0.004243 seconds.
  path: Assets/ThreeMatch/Scripts/ThreeBoardMgr.cs
  artifactKey: Guid(78614cf31d98f2245b377bef5b52d1d7) Importer(815301076,1909f56bfc062723c751e8b465ee728b)
Start importing Assets/ThreeMatch/Scripts/ThreeBoardMgr.cs using Guid(78614cf31d98f2245b377bef5b52d1d7) Importer(815301076,1909f56bfc062723c751e8b465ee728b) [PhysX] Initialized MultithreadedTaskDispatcher with 20 workers.
 -> (artifact id: '00000000000000000000000000000000') in 0.000476 seconds
Import Error Code:(4)
Message: Build asset version error: assets/threematch/scripts/threeboardmgr.cs in SourceAssetDB has modification time of '2026-05-15T09:08:08.0482791Z' while content on disk has modification time of '2026-05-15T09:08:37.0038179Z'
  ERROR: Build asset version error: assets/threematch/scripts/threeboardmgr.cs in SourceAssetDB has modification time of '2026-05-15T09:08:08.0482791Z' while content on disk has modification time of '2026-05-15T09:08:37.0038179Z'
Number of updated asset objects reloaded before import = 0
Number of asset objects unloaded after import = 0
========================================================================
Received Import Request.
  Time since last request: 0.004526 seconds.
  path: Assets/ThreeMatch/Scripts/ThreeBoardMgr.cs
  artifactKey: Guid(78614cf31d98f2245b377bef5b52d1d7) Importer(815301076,1909f56bfc062723c751e8b465ee728b)
Start importing Assets/ThreeMatch/Scripts/ThreeBoardMgr.cs using Guid(78614cf31d98f2245b377bef5b52d1d7) Importer(815301076,1909f56bfc062723c751e8b465ee728b) [PhysX] Initialized MultithreadedTaskDispatcher with 20 workers.
 -> (artifact id: '00000000000000000000000000000000') in 0.000669 seconds
Import Error Code:(4)
Message: Build asset version error: assets/threematch/scripts/threeboardmgr.cs in SourceAssetDB has modification time of '2026-05-15T09:08:08.0482791Z' while content on disk has modification time of '2026-05-15T09:08:37.0038179Z'
  ERROR: Build asset version error: assets/threematch/scripts/threeboardmgr.cs in SourceAssetDB has modification time of '2026-05-15T09:08:08.0482791Z' while content on disk has modification time of '2026-05-15T09:08:37.0038179Z'
Number of updated asset objects reloaded before import = 0
Number of asset objects unloaded after import = 0
========================================================================
Received Import Request.
  Time since last request: 0.004347 seconds.
  path: Assets/ThreeMatch/Scripts/ThreeBoardMgr.cs
  artifactKey: Guid(78614cf31d98f2245b377bef5b52d1d7) Importer(815301076,1909f56bfc062723c751e8b465ee728b)
Start importing Assets/ThreeMatch/Scripts/ThreeBoardMgr.cs using Guid(78614cf31d98f2245b377bef5b52d1d7) Importer(815301076,1909f56bfc062723c751e8b465ee728b) [PhysX] Initialized MultithreadedTaskDispatcher with 20 workers.
 -> (artifact id: '00000000000000000000000000000000') in 0.000476 seconds
Import Error Code:(4)
Message: Build asset version error: assets/threematch/scripts/threeboardmgr.cs in SourceAssetDB has modification time of '2026-05-15T09:08:08.0482791Z' while content on disk has modification time of '2026-05-15T09:08:37.0038179Z'
  ERROR: Build asset version error: assets/threematch/scripts/threeboardmgr.cs in SourceAssetDB has modification time of '2026-05-15T09:08:08.0482791Z' while content on disk has modification time of '2026-05-15T09:08:37.0038179Z'
Number of updated asset objects reloaded before import = 0
Number of asset objects unloaded after import = 0
========================================================================
Received Import Request.
  Time since last request: 0.004157 seconds.
  path: Assets/ThreeMatch/Scripts/ThreeBoardMgr.cs
  artifactKey: Guid(78614cf31d98f2245b377bef5b52d1d7) Importer(815301076,1909f56bfc062723c751e8b465ee728b)
Start importing Assets/ThreeMatch/Scripts/ThreeBoardMgr.cs using Guid(78614cf31d98f2245b377bef5b52d1d7) Importer(815301076,1909f56bfc062723c751e8b465ee728b) [PhysX] Initialized MultithreadedTaskDispatcher with 20 workers.
 -> (artifact id: '00000000000000000000000000000000') in 0.000508 seconds
Import Error Code:(4)
Message: Build asset version error: assets/threematch/scripts/threeboardmgr.cs in SourceAssetDB has modification time of '2026-05-15T09:08:08.0482791Z' while content on disk has modification time of '2026-05-15T09:08:37.0038179Z'
  ERROR: Build asset version error: assets/threematch/scripts/threeboardmgr.cs in SourceAssetDB has modification time of '2026-05-15T09:08:08.0482791Z' while content on disk has modification time of '2026-05-15T09:08:37.0038179Z'
Number of updated asset objects reloaded before import = 0
Number of asset objects unloaded after import = 0
========================================================================
Received Import Request.
  Time since last request: 0.005694 seconds.
  path: Assets/ThreeMatch/Scripts/ThreeBoardMgr.cs
  artifactKey: Guid(78614cf31d98f2245b377bef5b52d1d7) Importer(815301076,1909f56bfc062723c751e8b465ee728b)
Start importing Assets/ThreeMatch/Scripts/ThreeBoardMgr.cs using Guid(78614cf31d98f2245b377bef5b52d1d7) Importer(815301076,1909f56bfc062723c751e8b465ee728b) [PhysX] Initialized MultithreadedTaskDispatcher with 20 workers.
 -> (artifact id: '00000000000000000000000000000000') in 0.001125 seconds
Import Error Code:(4)
Message: Build asset version error: assets/threematch/scripts/threeboardmgr.cs in SourceAssetDB has modification time of '2026-05-15T09:08:08.0482791Z' while content on disk has modification time of '2026-05-15T09:08:37.0038179Z'
  ERROR: Build asset version error: assets/threematch/scripts/threeboardmgr.cs in SourceAssetDB has modification time of '2026-05-15T09:08:08.0482791Z' while content on disk has modification time of '2026-05-15T09:08:37.0038179Z'
Number of updated asset objects reloaded before import = 0
Number of asset objects unloaded after import = 0
========================================================================
Received Import Request.
  Time since last request: 0.004147 seconds.
  path: Assets/ThreeMatch/Scripts/ThreeBoardMgr.cs
  artifactKey: Guid(78614cf31d98f2245b377bef5b52d1d7) Importer(815301076,1909f56bfc062723c751e8b465ee728b)
Start importing Assets/ThreeMatch/Scripts/ThreeBoardMgr.cs using Guid(78614cf31d98f2245b377bef5b52d1d7) Importer(815301076,1909f56bfc062723c751e8b465ee728b) [PhysX] Initialized MultithreadedTaskDispatcher with 20 workers.
 -> (artifact id: '00000000000000000000000000000000') in 0.000519 seconds
Import Error Code:(4)
Message: Build asset version error: assets/threematch/scripts/threeboardmgr.cs in SourceAssetDB has modification time of '2026-05-15T09:08:08.0482791Z' while content on disk has modification time of '2026-05-15T09:08:37.0038179Z'
  ERROR: Build asset version error: assets/threematch/scripts/threeboardmgr.cs in SourceAssetDB has modification time of '2026-05-15T09:08:08.0482791Z' while content on disk has modification time of '2026-05-15T09:08:37.0038179Z'
Number of updated asset objects reloaded before import = 0
Number of asset objects unloaded after import = 0
========================================================================
Received Import Request.
  Time since last request: 0.004234 seconds.
  path: Assets/ThreeMatch/Scripts/ThreeBoardMgr.cs
  artifactKey: Guid(78614cf31d98f2245b377bef5b52d1d7) Importer(815301076,1909f56bfc062723c751e8b465ee728b)
Start importing Assets/ThreeMatch/Scripts/ThreeBoardMgr.cs using Guid(78614cf31d98f2245b377bef5b52d1d7) Importer(815301076,1909f56bfc062723c751e8b465ee728b) [PhysX] Initialized MultithreadedTaskDispatcher with 20 workers.
 -> (artifact id: '00000000000000000000000000000000') in 0.000512 seconds
Import Error Code:(4)
Message: Build asset version error: assets/threematch/scripts/threeboardmgr.cs in SourceAssetDB has modification time of '2026-05-15T09:08:08.0482791Z' while content on disk has modification time of '2026-05-15T09:08:37.0038179Z'
  ERROR: Build asset version error: assets/threematch/scripts/threeboardmgr.cs in SourceAssetDB has modification time of '2026-05-15T09:08:08.0482791Z' while content on disk has modification time of '2026-05-15T09:08:37.0038179Z'
Number of updated asset objects reloaded before import = 0
Number of asset objects unloaded after import = 0
========================================================================
Received Import Request.
  Time since last request: 0.005686 seconds.
  path: Assets/ThreeMatch/Scripts/ThreeBoardMgr.cs
  artifactKey: Guid(78614cf31d98f2245b377bef5b52d1d7) Importer(815301076,1909f56bfc062723c751e8b465ee728b)
Start importing Assets/ThreeMatch/Scripts/ThreeBoardMgr.cs using Guid(78614cf31d98f2245b377bef5b52d1d7) Importer(815301076,1909f56bfc062723c751e8b465ee728b) [PhysX] Initialized MultithreadedTaskDispatcher with 20 workers.
 -> (artifact id: '00000000000000000000000000000000') in 0.000511 seconds
Import Error Code:(4)
Message: Build asset version error: assets/threematch/scripts/threeboardmgr.cs in SourceAssetDB has modification time of '2026-05-15T09:08:08.0482791Z' while content on disk has modification time of '2026-05-15T09:08:37.0038179Z'
  ERROR: Build asset version error: assets/threematch/scripts/threeboardmgr.cs in SourceAssetDB has modification time of '2026-05-15T09:08:08.0482791Z' while content on disk has modification time of '2026-05-15T09:08:37.0038179Z'
Number of updated asset objects reloaded before import = 0
Number of asset objects unloaded after import = 0
========================================================================
Received Import Request.
  Time since last request: 0.004979 seconds.
  path: Assets/ThreeMatch/Scripts/ThreeBoardMgr.cs
  artifactKey: Guid(78614cf31d98f2245b377bef5b52d1d7) Importer(815301076,1909f56bfc062723c751e8b465ee728b)
Start importing Assets/ThreeMatch/Scripts/ThreeBoardMgr.cs using Guid(78614cf31d98f2245b377bef5b52d1d7) Importer(815301076,1909f56bfc062723c751e8b465ee728b) [PhysX] Initialized MultithreadedTaskDispatcher with 20 workers.
 -> (artifact id: '00000000000000000000000000000000') in 0.000531 seconds
Import Error Code:(4)
Message: Build asset version error: assets/threematch/scripts/threeboardmgr.cs in SourceAssetDB has modification time of '2026-05-15T09:08:08.0482791Z' while content on disk has modification time of '2026-05-15T09:08:37.0038179Z'
  ERROR: Build asset version error: assets/threematch/scripts/threeboardmgr.cs in SourceAssetDB has modification time of '2026-05-15T09:08:08.0482791Z' while content on disk has modification time of '2026-05-15T09:08:37.0038179Z'
Number of updated asset objects reloaded before import = 0
Number of asset objects unloaded after import = 0
========================================================================
Received Import Request.
  Time since last request: 0.004429 seconds.
  path: Assets/ThreeMatch/Scripts/ThreeBoardMgr.cs
  artifactKey: Guid(78614cf31d98f2245b377bef5b52d1d7) Importer(815301076,1909f56bfc062723c751e8b465ee728b)
Start importing Assets/ThreeMatch/Scripts/ThreeBoardMgr.cs using Guid(78614cf31d98f2245b377bef5b52d1d7) Importer(815301076,1909f56bfc062723c751e8b465ee728b) [PhysX] Initialized MultithreadedTaskDispatcher with 20 workers.
 -> (artifact id: '00000000000000000000000000000000') in 0.000458 seconds
Import Error Code:(4)
Message: Build asset version error: assets/threematch/scripts/threeboardmgr.cs in SourceAssetDB has modification time of '2026-05-15T09:08:08.0482791Z' while content on disk has modification time of '2026-05-15T09:08:37.0038179Z'
  ERROR: Build asset version error: assets/threematch/scripts/threeboardmgr.cs in SourceAssetDB has modification time of '2026-05-15T09:08:08.0482791Z' while content on disk has modification time of '2026-05-15T09:08:37.0038179Z'
Number of updated asset objects reloaded before import = 0
Number of asset objects unloaded after import = 0
========================================================================
Received Import Request.
  Time since last request: 0.004999 seconds.
  path: Assets/ThreeMatch/Scripts/ThreeBoardMgr.cs
  artifactKey: Guid(78614cf31d98f2245b377bef5b52d1d7) Importer(815301076,1909f56bfc062723c751e8b465ee728b)
Start importing Assets/ThreeMatch/Scripts/ThreeBoardMgr.cs using Guid(78614cf31d98f2245b377bef5b52d1d7) Importer(815301076,1909f56bfc062723c751e8b465ee728b) [PhysX] Initialized MultithreadedTaskDispatcher with 20 workers.
 -> (artifact id: '00000000000000000000000000000000') in 0.000478 seconds
Import Error Code:(4)
Message: Build asset version error: assets/threematch/scripts/threeboardmgr.cs in SourceAssetDB has modification time of '2026-05-15T09:08:08.0482791Z' while content on disk has modification time of '2026-05-15T09:08:37.0038179Z'
  ERROR: Build asset version error: assets/threematch/scripts/threeboardmgr.cs in SourceAssetDB has modification time of '2026-05-15T09:08:08.0482791Z' while content on disk has modification time of '2026-05-15T09:08:37.0038179Z'
Number of updated asset objects reloaded before import = 0
Number of asset objects unloaded after import = 0
========================================================================
Received Import Request.
  Time since last request: 0.004657 seconds.
  path: Assets/ThreeMatch/Scripts/ThreeBoardMgr.cs
  artifactKey: Guid(78614cf31d98f2245b377bef5b52d1d7) Importer(815301076,1909f56bfc062723c751e8b465ee728b)
Start importing Assets/ThreeMatch/Scripts/ThreeBoardMgr.cs using Guid(78614cf31d98f2245b377bef5b52d1d7) Importer(815301076,1909f56bfc062723c751e8b465ee728b) [PhysX] Initialized MultithreadedTaskDispatcher with 20 workers.
 -> (artifact id: '00000000000000000000000000000000') in 0.000501 seconds
Import Error Code:(4)
Message: Build asset version error: assets/threematch/scripts/threeboardmgr.cs in SourceAssetDB has modification time of '2026-05-15T09:08:08.0482791Z' while content on disk has modification time of '2026-05-15T09:08:37.0038179Z'
  ERROR: Build asset version error: assets/threematch/scripts/threeboardmgr.cs in SourceAssetDB has modification time of '2026-05-15T09:08:08.0482791Z' while content on disk has modification time of '2026-05-15T09:08:37.0038179Z'
Number of updated asset objects reloaded before import = 0
Number of asset objects unloaded after import = 0
========================================================================
Received Import Request.
  Time since last request: 0.004724 seconds.
  path: Assets/ThreeMatch/Scripts/ThreeBoardMgr.cs
  artifactKey: Guid(78614cf31d98f2245b377bef5b52d1d7) Importer(815301076,1909f56bfc062723c751e8b465ee728b)
Start importing Assets/ThreeMatch/Scripts/ThreeBoardMgr.cs using Guid(78614cf31d98f2245b377bef5b52d1d7) Importer(815301076,1909f56bfc062723c751e8b465ee728b) [PhysX] Initialized MultithreadedTaskDispatcher with 20 workers.
 -> (artifact id: '00000000000000000000000000000000') in 0.000516 seconds
Import Error Code:(4)
Message: Build asset version error: assets/threematch/scripts/threeboardmgr.cs in SourceAssetDB has modification time of '2026-05-15T09:08:08.0482791Z' while content on disk has modification time of '2026-05-15T09:08:37.0038179Z'
  ERROR: Build asset version error: assets/threematch/scripts/threeboardmgr.cs in SourceAssetDB has modification time of '2026-05-15T09:08:08.0482791Z' while content on disk has modification time of '2026-05-15T09:08:37.0038179Z'
Number of updated asset objects reloaded before import = 0
Number of asset objects unloaded after import = 0
========================================================================
Received Import Request.
  Time since last request: 0.005561 seconds.
  path: Assets/ThreeMatch/Scripts/ThreeBoardMgr.cs
  artifactKey: Guid(78614cf31d98f2245b377bef5b52d1d7) Importer(815301076,1909f56bfc062723c751e8b465ee728b)
Start importing Assets/ThreeMatch/Scripts/ThreeBoardMgr.cs using Guid(78614cf31d98f2245b377bef5b52d1d7) Importer(815301076,1909f56bfc062723c751e8b465ee728b) [PhysX] Initialized MultithreadedTaskDispatcher with 20 workers.
 -> (artifact id: '00000000000000000000000000000000') in 0.000477 seconds
Import Error Code:(4)
Message: Build asset version error: assets/threematch/scripts/threeboardmgr.cs in SourceAssetDB has modification time of '2026-05-15T09:08:08.0482791Z' while content on disk has modification time of '2026-05-15T09:08:37.0038179Z'
  ERROR: Build asset version error: assets/threematch/scripts/threeboardmgr.cs in SourceAssetDB has modification time of '2026-05-15T09:08:08.0482791Z' while content on disk has modification time of '2026-05-15T09:08:37.0038179Z'
Number of updated asset objects reloaded before import = 0
Number of asset objects unloaded after import = 0
========================================================================
Received Import Request.
  Time since last request: 0.004883 seconds.
  path: Assets/ThreeMatch/Scripts/ThreeBoardMgr.cs
  artifactKey: Guid(78614cf31d98f2245b377bef5b52d1d7) Importer(815301076,1909f56bfc062723c751e8b465ee728b)
Start importing Assets/ThreeMatch/Scripts/ThreeBoardMgr.cs using Guid(78614cf31d98f2245b377bef5b52d1d7) Importer(815301076,1909f56bfc062723c751e8b465ee728b) [PhysX] Initialized MultithreadedTaskDispatcher with 20 workers.
 -> (artifact id: '00000000000000000000000000000000') in 0.000507 seconds
Import Error Code:(4)
Message: Build asset version error: assets/threematch/scripts/threeboardmgr.cs in SourceAssetDB has modification time of '2026-05-15T09:08:08.0482791Z' while content on disk has modification time of '2026-05-15T09:08:37.0038179Z'
  ERROR: Build asset version error: assets/threematch/scripts/threeboardmgr.cs in SourceAssetDB has modification time of '2026-05-15T09:08:08.0482791Z' while content on disk has modification time of '2026-05-15T09:08:37.0038179Z'
Number of updated asset objects reloaded before import = 0
Number of asset objects unloaded after import = 0
========================================================================
Received Import Request.
  Time since last request: 0.004193 seconds.
  path: Assets/ThreeMatch/Scripts/ThreeBoardMgr.cs
  artifactKey: Guid(78614cf31d98f2245b377bef5b52d1d7) Importer(815301076,1909f56bfc062723c751e8b465ee728b)
Start importing Assets/ThreeMatch/Scripts/ThreeBoardMgr.cs using Guid(78614cf31d98f2245b377bef5b52d1d7) Importer(815301076,1909f56bfc062723c751e8b465ee728b) [PhysX] Initialized MultithreadedTaskDispatcher with 20 workers.
 -> (artifact id: '00000000000000000000000000000000') in 0.000531 seconds
Import Error Code:(4)
Message: Build asset version error: assets/threematch/scripts/threeboardmgr.cs in SourceAssetDB has modification time of '2026-05-15T09:08:08.0482791Z' while content on disk has modification time of '2026-05-15T09:08:37.0038179Z'
  ERROR: Build asset version error: assets/threematch/scripts/threeboardmgr.cs in SourceAssetDB has modification time of '2026-05-15T09:08:08.0482791Z' while content on disk has modification time of '2026-05-15T09:08:37.0038179Z'
Number of updated asset objects reloaded before import = 0
Number of asset objects unloaded after import = 0
========================================================================
Received Import Request.
  Time since last request: 0.004581 seconds.
  path: Assets/ThreeMatch/Scripts/ThreeBoardMgr.cs
  artifactKey: Guid(78614cf31d98f2245b377bef5b52d1d7) Importer(815301076,1909f56bfc062723c751e8b465ee728b)
Start importing Assets/ThreeMatch/Scripts/ThreeBoardMgr.cs using Guid(78614cf31d98f2245b377bef5b52d1d7) Importer(815301076,1909f56bfc062723c751e8b465ee728b) [PhysX] Initialized MultithreadedTaskDispatcher with 20 workers.
 -> (artifact id: '00000000000000000000000000000000') in 0.000461 seconds
Import Error Code:(4)
Message: Build asset version error: assets/threematch/scripts/threeboardmgr.cs in SourceAssetDB has modification time of '2026-05-15T09:08:08.0482791Z' while content on disk has modification time of '2026-05-15T09:08:37.0038179Z'
  ERROR: Build asset version error: assets/threematch/scripts/threeboardmgr.cs in SourceAssetDB has modification time of '2026-05-15T09:08:08.0482791Z' while content on disk has modification time of '2026-05-15T09:08:37.0038179Z'
Number of updated asset objects reloaded before import = 0
Number of asset objects unloaded after import = 0
========================================================================
Received Import Request.
  Time since last request: 0.004648 seconds.
  path: Assets/ThreeMatch/Scripts/ThreeBoardMgr.cs
  artifactKey: Guid(78614cf31d98f2245b377bef5b52d1d7) Importer(815301076,1909f56bfc062723c751e8b465ee728b)
Start importing Assets/ThreeMatch/Scripts/ThreeBoardMgr.cs using Guid(78614cf31d98f2245b377bef5b52d1d7) Importer(815301076,1909f56bfc062723c751e8b465ee728b) [PhysX] Initialized MultithreadedTaskDispatcher with 20 workers.
 -> (artifact id: '00000000000000000000000000000000') in 0.000542 seconds
Import Error Code:(4)
Message: Build asset version error: assets/threematch/scripts/threeboardmgr.cs in SourceAssetDB has modification time of '2026-05-15T09:08:08.0482791Z' while content on disk has modification time of '2026-05-15T09:08:37.0038179Z'
  ERROR: Build asset version error: assets/threematch/scripts/threeboardmgr.cs in SourceAssetDB has modification time of '2026-05-15T09:08:08.0482791Z' while content on disk has modification time of '2026-05-15T09:08:37.0038179Z'
Number of updated asset objects reloaded before import = 0
Number of asset objects unloaded after import = 0
========================================================================
Received Import Request.
  Time since last request: 0.005820 seconds.
  path: Assets/ThreeMatch/Scripts/ThreeBoardMgr.cs
  artifactKey: Guid(78614cf31d98f2245b377bef5b52d1d7) Importer(815301076,1909f56bfc062723c751e8b465ee728b)
Start importing Assets/ThreeMatch/Scripts/ThreeBoardMgr.cs using Guid(78614cf31d98f2245b377bef5b52d1d7) Importer(815301076,1909f56bfc062723c751e8b465ee728b) [PhysX] Initialized MultithreadedTaskDispatcher with 20 workers.
 -> (artifact id: '00000000000000000000000000000000') in 0.000539 seconds
Import Error Code:(4)
Message: Build asset version error: assets/threematch/scripts/threeboardmgr.cs in SourceAssetDB has modification time of '2026-05-15T09:08:08.0482791Z' while content on disk has modification time of '2026-05-15T09:08:37.0038179Z'
  ERROR: Build asset version error: assets/threematch/scripts/threeboardmgr.cs in SourceAssetDB has modification time of '2026-05-15T09:08:08.0482791Z' while content on disk has modification time of '2026-05-15T09:08:37.0038179Z'
Number of updated asset objects reloaded before import = 0
Number of asset objects unloaded after import = 0
========================================================================
Received Import Request.
  Time since last request: 0.004614 seconds.
  path: Assets/ThreeMatch/Scripts/ThreeBoardMgr.cs
  artifactKey: Guid(78614cf31d98f2245b377bef5b52d1d7) Importer(815301076,1909f56bfc062723c751e8b465ee728b)
Start importing Assets/ThreeMatch/Scripts/ThreeBoardMgr.cs using Guid(78614cf31d98f2245b377bef5b52d1d7) Importer(815301076,1909f56bfc062723c751e8b465ee728b) [PhysX] Initialized MultithreadedTaskDispatcher with 20 workers.
 -> (artifact id: '00000000000000000000000000000000') in 0.000454 seconds
Import Error Code:(4)
Message: Build asset version error: assets/threematch/scripts/threeboardmgr.cs in SourceAssetDB has modification time of '2026-05-15T09:08:08.0482791Z' while content on disk has modification time of '2026-05-15T09:08:37.0038179Z'
  ERROR: Build asset version error: assets/threematch/scripts/threeboardmgr.cs in SourceAssetDB has modification time of '2026-05-15T09:08:08.0482791Z' while content on disk has modification time of '2026-05-15T09:08:37.0038179Z'
Number of updated asset objects reloaded before import = 0
Number of asset objects unloaded after import = 0
========================================================================
Received Import Request.
  Time since last request: 0.008497 seconds.
  path: Assets/ThreeMatch/Scripts/ThreeBoardMgr.cs
  artifactKey: Guid(78614cf31d98f2245b377bef5b52d1d7) Importer(815301076,1909f56bfc062723c751e8b465ee728b)
Start importing Assets/ThreeMatch/Scripts/ThreeBoardMgr.cs using Guid(78614cf31d98f2245b377bef5b52d1d7) Importer(815301076,1909f56bfc062723c751e8b465ee728b) [PhysX] Initialized MultithreadedTaskDispatcher with 20 workers.
 -> (artifact id: '00000000000000000000000000000000') in 0.000425 seconds
Import Error Code:(4)
Message: Build asset version error: assets/threematch/scripts/threeboardmgr.cs in SourceAssetDB has modification time of '2026-05-15T09:08:08.0482791Z' while content on disk has modification time of '2026-05-15T09:08:37.0038179Z'
  ERROR: Build asset version error: assets/threematch/scripts/threeboardmgr.cs in SourceAssetDB has modification time of '2026-05-15T09:08:08.0482791Z' while content on disk has modification time of '2026-05-15T09:08:37.0038179Z'
Number of updated asset objects reloaded before import = 0
Number of asset objects unloaded after import = 0
========================================================================
Received Import Request.
  Time since last request: 0.004824 seconds.
  path: Assets/ThreeMatch/Scripts/ThreeBoardMgr.cs
  artifactKey: Guid(78614cf31d98f2245b377bef5b52d1d7) Importer(815301076,1909f56bfc062723c751e8b465ee728b)
Start importing Assets/ThreeMatch/Scripts/ThreeBoardMgr.cs using Guid(78614cf31d98f2245b377bef5b52d1d7) Importer(815301076,1909f56bfc062723c751e8b465ee728b) [PhysX] Initialized MultithreadedTaskDispatcher with 20 workers.
 -> (artifact id: '00000000000000000000000000000000') in 0.000518 seconds
Import Error Code:(4)
Message: Build asset version error: assets/threematch/scripts/threeboardmgr.cs in SourceAssetDB has modification time of '2026-05-15T09:08:08.0482791Z' while content on disk has modification time of '2026-05-15T09:08:37.0038179Z'
  ERROR: Build asset version error: assets/threematch/scripts/threeboardmgr.cs in SourceAssetDB has modification time of '2026-05-15T09:08:08.0482791Z' while content on disk has modification time of '2026-05-15T09:08:37.0038179Z'
Number of updated asset objects reloaded before import = 0
Number of asset objects unloaded after import = 0
========================================================================
Received Import Request.
  Time since last request: 0.004079 seconds.
  path: Assets/ThreeMatch/Scripts/ThreeBoardMgr.cs
  artifactKey: Guid(78614cf31d98f2245b377bef5b52d1d7) Importer(815301076,1909f56bfc062723c751e8b465ee728b)
Start importing Assets/ThreeMatch/Scripts/ThreeBoardMgr.cs using Guid(78614cf31d98f2245b377bef5b52d1d7) Importer(815301076,1909f56bfc062723c751e8b465ee728b) [PhysX] Initialized MultithreadedTaskDispatcher with 20 workers.
 -> (artifact id: '00000000000000000000000000000000') in 0.000466 seconds
Import Error Code:(4)
Message: Build asset version error: assets/threematch/scripts/threeboardmgr.cs in SourceAssetDB has modification time of '2026-05-15T09:08:08.0482791Z' while content on disk has modification time of '2026-05-15T09:08:37.0038179Z'
  ERROR: Build asset version error: assets/threematch/scripts/threeboardmgr.cs in SourceAssetDB has modification time of '2026-05-15T09:08:08.0482791Z' while content on disk has modification time of '2026-05-15T09:08:37.0038179Z'
Number of updated asset objects reloaded before import = 0
Number of asset objects unloaded after import = 0
========================================================================
Received Import Request.
  Time since last request: 0.004531 seconds.
  path: Assets/ThreeMatch/Scripts/ThreeBoardMgr.cs
  artifactKey: Guid(78614cf31d98f2245b377bef5b52d1d7) Importer(815301076,1909f56bfc062723c751e8b465ee728b)
Start importing Assets/ThreeMatch/Scripts/ThreeBoardMgr.cs using Guid(78614cf31d98f2245b377bef5b52d1d7) Importer(815301076,1909f56bfc062723c751e8b465ee728b) [PhysX] Initialized MultithreadedTaskDispatcher with 20 workers.
 -> (artifact id: '00000000000000000000000000000000') in 0.000480 seconds
Import Error Code:(4)
Message: Build asset version error: assets/threematch/scripts/threeboardmgr.cs in SourceAssetDB has modification time of '2026-05-15T09:08:08.0482791Z' while content on disk has modification time of '2026-05-15T09:08:37.0038179Z'
  ERROR: Build asset version error: assets/threematch/scripts/threeboardmgr.cs in SourceAssetDB has modification time of '2026-05-15T09:08:08.0482791Z' while content on disk has modification time of '2026-05-15T09:08:37.0038179Z'
Number of updated asset objects reloaded before import = 0
Number of asset objects unloaded after import = 0
========================================================================
Received Import Request.
  Time since last request: 0.004426 seconds.
  path: Assets/ThreeMatch/Scripts/ThreeBoardMgr.cs
  artifactKey: Guid(78614cf31d98f2245b377bef5b52d1d7) Importer(815301076,1909f56bfc062723c751e8b465ee728b)
Start importing Assets/ThreeMatch/Scripts/ThreeBoardMgr.cs using Guid(78614cf31d98f2245b377bef5b52d1d7) Importer(815301076,1909f56bfc062723c751e8b465ee728b) [PhysX] Initialized MultithreadedTaskDispatcher with 20 workers.
 -> (artifact id: '00000000000000000000000000000000') in 0.000546 seconds
Import Error Code:(4)
Message: Build asset version error: assets/threematch/scripts/threeboardmgr.cs in SourceAssetDB has modification time of '2026-05-15T09:08:08.0482791Z' while content on disk has modification time of '2026-05-15T09:08:37.0038179Z'
  ERROR: Build asset version error: assets/threematch/scripts/threeboardmgr.cs in SourceAssetDB has modification time of '2026-05-15T09:08:08.0482791Z' while content on disk has modification time of '2026-05-15T09:08:37.0038179Z'
Number of updated asset objects reloaded before import = 0
Number of asset objects unloaded after import = 0
========================================================================
Received Import Request.
  Time since last request: 0.004615 seconds.
  path: Assets/ThreeMatch/Scripts/ThreeBoardMgr.cs
  artifactKey: Guid(78614cf31d98f2245b377bef5b52d1d7) Importer(815301076,1909f56bfc062723c751e8b465ee728b)
Start importing Assets/ThreeMatch/Scripts/ThreeBoardMgr.cs using Guid(78614cf31d98f2245b377bef5b52d1d7) Importer(815301076,1909f56bfc062723c751e8b465ee728b) [PhysX] Initialized MultithreadedTaskDispatcher with 20 workers.
 -> (artifact id: '00000000000000000000000000000000') in 0.000489 seconds
Import Error Code:(4)
Message: Build asset version error: assets/threematch/scripts/threeboardmgr.cs in SourceAssetDB has modification time of '2026-05-15T09:08:08.0482791Z' while content on disk has modification time of '2026-05-15T09:08:37.0038179Z'
  ERROR: Build asset version error: assets/threematch/scripts/threeboardmgr.cs in SourceAssetDB has modification time of '2026-05-15T09:08:08.0482791Z' while content on disk has modification time of '2026-05-15T09:08:37.0038179Z'
Number of updated asset objects reloaded before import = 0
Number of asset objects unloaded after import = 0
========================================================================
Received Import Request.
  Time since last request: 0.003851 seconds.
  path: Assets/ThreeMatch/Scripts/ThreeBoardMgr.cs
  artifactKey: Guid(78614cf31d98f2245b377bef5b52d1d7) Importer(815301076,1909f56bfc062723c751e8b465ee728b)
Start importing Assets/ThreeMatch/Scripts/ThreeBoardMgr.cs using Guid(78614cf31d98f2245b377bef5b52d1d7) Importer(815301076,1909f56bfc062723c751e8b465ee728b) [PhysX] Initialized MultithreadedTaskDispatcher with 20 workers.
 -> (artifact id: '00000000000000000000000000000000') in 0.000541 seconds
Import Error Code:(4)
Message: Build asset version error: assets/threematch/scripts/threeboardmgr.cs in SourceAssetDB has modification time of '2026-05-15T09:08:08.0482791Z' while content on disk has modification time of '2026-05-15T09:08:37.0038179Z'
  ERROR: Build asset version error: assets/threematch/scripts/threeboardmgr.cs in SourceAssetDB has modification time of '2026-05-15T09:08:08.0482791Z' while content on disk has modification time of '2026-05-15T09:08:37.0038179Z'
Number of updated asset objects reloaded before import = 0
Number of asset objects unloaded after import = 0
========================================================================
Received Import Request.
  Time since last request: 0.004724 seconds.
  path: Assets/ThreeMatch/Scripts/ThreeBoardMgr.cs
  artifactKey: Guid(78614cf31d98f2245b377bef5b52d1d7) Importer(815301076,1909f56bfc062723c751e8b465ee728b)
Start importing Assets/ThreeMatch/Scripts/ThreeBoardMgr.cs using Guid(78614cf31d98f2245b377bef5b52d1d7) Importer(815301076,1909f56bfc062723c751e8b465ee728b) [PhysX] Initialized MultithreadedTaskDispatcher with 20 workers.
 -> (artifact id: '00000000000000000000000000000000') in 0.000428 seconds
Import Error Code:(4)
Message: Build asset version error: assets/threematch/scripts/threeboardmgr.cs in SourceAssetDB has modification time of '2026-05-15T09:08:08.0482791Z' while content on disk has modification time of '2026-05-15T09:08:37.0038179Z'
  ERROR: Build asset version error: assets/threematch/scripts/threeboardmgr.cs in SourceAssetDB has modification time of '2026-05-15T09:08:08.0482791Z' while content on disk has modification time of '2026-05-15T09:08:37.0038179Z'
Number of updated asset objects reloaded before import = 0
Number of asset objects unloaded after import = 0
========================================================================
Received Import Request.
  Time since last request: 0.004599 seconds.
  path: Assets/ThreeMatch/Scripts/ThreeBoardMgr.cs
  artifactKey: Guid(78614cf31d98f2245b377bef5b52d1d7) Importer(815301076,1909f56bfc062723c751e8b465ee728b)
Start importing Assets/ThreeMatch/Scripts/ThreeBoardMgr.cs using Guid(78614cf31d98f2245b377bef5b52d1d7) Importer(815301076,1909f56bfc062723c751e8b465ee728b) [PhysX] Initialized MultithreadedTaskDispatcher with 20 workers.
 -> (artifact id: '00000000000000000000000000000000') in 0.000493 seconds
Import Error Code:(4)
Message: Build asset version error: assets/threematch/scripts/threeboardmgr.cs in SourceAssetDB has modification time of '2026-05-15T09:08:08.0482791Z' while content on disk has modification time of '2026-05-15T09:08:37.0038179Z'
  ERROR: Build asset version error: assets/threematch/scripts/threeboardmgr.cs in SourceAssetDB has modification time of '2026-05-15T09:08:08.0482791Z' while content on disk has modification time of '2026-05-15T09:08:37.0038179Z'
Number of updated asset objects reloaded before import = 0
Number of asset objects unloaded after import = 0
========================================================================
Received Import Request.
  Time since last request: 0.004276 seconds.
  path: Assets/ThreeMatch/Scripts/ThreeBoardMgr.cs
  artifactKey: Guid(78614cf31d98f2245b377bef5b52d1d7) Importer(815301076,1909f56bfc062723c751e8b465ee728b)
Start importing Assets/ThreeMatch/Scripts/ThreeBoardMgr.cs using Guid(78614cf31d98f2245b377bef5b52d1d7) Importer(815301076,1909f56bfc062723c751e8b465ee728b) [PhysX] Initialized MultithreadedTaskDispatcher with 20 workers.
 -> (artifact id: '00000000000000000000000000000000') in 0.000531 seconds
Import Error Code:(4)
Message: Build asset version error: assets/threematch/scripts/threeboardmgr.cs in SourceAssetDB has modification time of '2026-05-15T09:08:08.0482791Z' while content on disk has modification time of '2026-05-15T09:08:37.0038179Z'
  ERROR: Build asset version error: assets/threematch/scripts/threeboardmgr.cs in SourceAssetDB has modification time of '2026-05-15T09:08:08.0482791Z' while content on disk has modification time of '2026-05-15T09:08:37.0038179Z'
Number of updated asset objects reloaded before import = 0
Number of asset objects unloaded after import = 0
========================================================================
Received Import Request.
  Time since last request: 0.005838 seconds.
  path: Assets/ThreeMatch/Scripts/ThreeBoardMgr.cs
  artifactKey: Guid(78614cf31d98f2245b377bef5b52d1d7) Importer(815301076,1909f56bfc062723c751e8b465ee728b)
Start importing Assets/ThreeMatch/Scripts/ThreeBoardMgr.cs using Guid(78614cf31d98f2245b377bef5b52d1d7) Importer(815301076,1909f56bfc062723c751e8b465ee728b) [PhysX] Initialized MultithreadedTaskDispatcher with 20 workers.
 -> (artifact id: '00000000000000000000000000000000') in 0.000441 seconds
Import Error Code:(4)
Message: Build asset version error: assets/threematch/scripts/threeboardmgr.cs in SourceAssetDB has modification time of '2026-05-15T09:08:08.0482791Z' while content on disk has modification time of '2026-05-15T09:08:37.0038179Z'
  ERROR: Build asset version error: assets/threematch/scripts/threeboardmgr.cs in SourceAssetDB has modification time of '2026-05-15T09:08:08.0482791Z' while content on disk has modification time of '2026-05-15T09:08:37.0038179Z'
Number of updated asset objects reloaded before import = 0
Number of asset objects unloaded after import = 0
========================================================================
Received Import Request.
  Time since last request: 0.004533 seconds.
  path: Assets/ThreeMatch/Scripts/ThreeBoardMgr.cs
  artifactKey: Guid(78614cf31d98f2245b377bef5b52d1d7) Importer(815301076,1909f56bfc062723c751e8b465ee728b)
Start importing Assets/ThreeMatch/Scripts/ThreeBoardMgr.cs using Guid(78614cf31d98f2245b377bef5b52d1d7) Importer(815301076,1909f56bfc062723c751e8b465ee728b) [PhysX] Initialized MultithreadedTaskDispatcher with 20 workers.
 -> (artifact id: '00000000000000000000000000000000') in 0.000482 seconds
Import Error Code:(4)
Message: Build asset version error: assets/threematch/scripts/threeboardmgr.cs in SourceAssetDB has modification time of '2026-05-15T09:08:08.0482791Z' while content on disk has modification time of '2026-05-15T09:08:37.0038179Z'
  ERROR: Build asset version error: assets/threematch/scripts/threeboardmgr.cs in SourceAssetDB has modification time of '2026-05-15T09:08:08.0482791Z' while content on disk has modification time of '2026-05-15T09:08:37.0038179Z'
Number of updated asset objects reloaded before import = 0
Number of asset objects unloaded after import = 0
========================================================================
Received Import Request.
  Time since last request: 0.003723 seconds.
  path: Assets/ThreeMatch/Scripts/ThreeBoardMgr.cs
  artifactKey: Guid(78614cf31d98f2245b377bef5b52d1d7) Importer(815301076,1909f56bfc062723c751e8b465ee728b)
Start importing Assets/ThreeMatch/Scripts/ThreeBoardMgr.cs using Guid(78614cf31d98f2245b377bef5b52d1d7) Importer(815301076,1909f56bfc062723c751e8b465ee728b) [PhysX] Initialized MultithreadedTaskDispatcher with 20 workers.
 -> (artifact id: '00000000000000000000000000000000') in 0.000583 seconds
Import Error Code:(4)
Message: Build asset version error: assets/threematch/scripts/threeboardmgr.cs in SourceAssetDB has modification time of '2026-05-15T09:08:08.0482791Z' while content on disk has modification time of '2026-05-15T09:08:37.0038179Z'
  ERROR: Build asset version error: assets/threematch/scripts/threeboardmgr.cs in SourceAssetDB has modification time of '2026-05-15T09:08:08.0482791Z' while content on disk has modification time of '2026-05-15T09:08:37.0038179Z'
Number of updated asset objects reloaded before import = 0
Number of asset objects unloaded after import = 0
========================================================================
Received Import Request.
  Time since last request: 0.004275 seconds.
  path: Assets/ThreeMatch/Scripts/ThreeBoardMgr.cs
  artifactKey: Guid(78614cf31d98f2245b377bef5b52d1d7) Importer(815301076,1909f56bfc062723c751e8b465ee728b)
Start importing Assets/ThreeMatch/Scripts/ThreeBoardMgr.cs using Guid(78614cf31d98f2245b377bef5b52d1d7) Importer(815301076,1909f56bfc062723c751e8b465ee728b) [PhysX] Initialized MultithreadedTaskDispatcher with 20 workers.
 -> (artifact id: '00000000000000000000000000000000') in 0.000644 seconds
Import Error Code:(4)
Message: Build asset version error: assets/threematch/scripts/threeboardmgr.cs in SourceAssetDB has modification time of '2026-05-15T09:08:08.0482791Z' while content on disk has modification time of '2026-05-15T09:08:37.0038179Z'
  ERROR: Build asset version error: assets/threematch/scripts/threeboardmgr.cs in SourceAssetDB has modification time of '2026-05-15T09:08:08.0482791Z' while content on disk has modification time of '2026-05-15T09:08:37.0038179Z'
Number of updated asset objects reloaded before import = 0
Number of asset objects unloaded after import = 0
========================================================================
Received Import Request.
  Time since last request: 0.005891 seconds.
  path: Assets/ThreeMatch/Scripts/ThreeBoardMgr.cs
  artifactKey: Guid(78614cf31d98f2245b377bef5b52d1d7) Importer(815301076,1909f56bfc062723c751e8b465ee728b)
Start importing Assets/ThreeMatch/Scripts/ThreeBoardMgr.cs using Guid(78614cf31d98f2245b377bef5b52d1d7) Importer(815301076,1909f56bfc062723c751e8b465ee728b) [PhysX] Initialized MultithreadedTaskDispatcher with 20 workers.
 -> (artifact id: '00000000000000000000000000000000') in 0.000543 seconds
Import Error Code:(4)
Message: Build asset version error: assets/threematch/scripts/threeboardmgr.cs in SourceAssetDB has modification time of '2026-05-15T09:08:08.0482791Z' while content on disk has modification time of '2026-05-15T09:08:37.0038179Z'
  ERROR: Build asset version error: assets/threematch/scripts/threeboardmgr.cs in SourceAssetDB has modification time of '2026-05-15T09:08:08.0482791Z' while content on disk has modification time of '2026-05-15T09:08:37.0038179Z'
Number of updated asset objects reloaded before import = 0
Number of asset objects unloaded after import = 0
========================================================================
Received Import Request.
  Time since last request: 0.004836 seconds.
  path: Assets/ThreeMatch/Scripts/ThreeBoardMgr.cs
  artifactKey: Guid(78614cf31d98f2245b377bef5b52d1d7) Importer(815301076,1909f56bfc062723c751e8b465ee728b)
Start importing Assets/ThreeMatch/Scripts/ThreeBoardMgr.cs using Guid(78614cf31d98f2245b377bef5b52d1d7) Importer(815301076,1909f56bfc062723c751e8b465ee728b) [PhysX] Initialized MultithreadedTaskDispatcher with 20 workers.
 -> (artifact id: '00000000000000000000000000000000') in 0.000561 seconds
Import Error Code:(4)
Message: Build asset version error: assets/threematch/scripts/threeboardmgr.cs in SourceAssetDB has modification time of '2026-05-15T09:08:08.0482791Z' while content on disk has modification time of '2026-05-15T09:08:37.0038179Z'
  ERROR: Build asset version error: assets/threematch/scripts/threeboardmgr.cs in SourceAssetDB has modification time of '2026-05-15T09:08:08.0482791Z' while content on disk has modification time of '2026-05-15T09:08:37.0038179Z'
Number of updated asset objects reloaded before import = 0
Number of asset objects unloaded after import = 0
========================================================================
Received Import Request.
  Time since last request: 0.005617 seconds.
  path: Assets/ThreeMatch/Scripts/ThreeBoardMgr.cs
  artifactKey: Guid(78614cf31d98f2245b377bef5b52d1d7) Importer(815301076,1909f56bfc062723c751e8b465ee728b)
Start importing Assets/ThreeMatch/Scripts/ThreeBoardMgr.cs using Guid(78614cf31d98f2245b377bef5b52d1d7) Importer(815301076,1909f56bfc062723c751e8b465ee728b) [PhysX] Initialized MultithreadedTaskDispatcher with 20 workers.
 -> (artifact id: '00000000000000000000000000000000') in 0.000567 seconds
Import Error Code:(4)
Message: Build asset version error: assets/threematch/scripts/threeboardmgr.cs in SourceAssetDB has modification time of '2026-05-15T09:08:08.0482791Z' while content on disk has modification time of '2026-05-15T09:08:37.0038179Z'
  ERROR: Build asset version error: assets/threematch/scripts/threeboardmgr.cs in SourceAssetDB has modification time of '2026-05-15T09:08:08.0482791Z' while content on disk has modification time of '2026-05-15T09:08:37.0038179Z'
Number of updated asset objects reloaded before import = 0
Number of asset objects unloaded after import = 0
========================================================================
Received Import Request.
  Time since last request: 0.005327 seconds.
  path: Assets/ThreeMatch/Scripts/ThreeBoardMgr.cs
  artifactKey: Guid(78614cf31d98f2245b377bef5b52d1d7) Importer(815301076,1909f56bfc062723c751e8b465ee728b)
Start importing Assets/ThreeMatch/Scripts/ThreeBoardMgr.cs using Guid(78614cf31d98f2245b377bef5b52d1d7) Importer(815301076,1909f56bfc062723c751e8b465ee728b) [PhysX] Initialized MultithreadedTaskDispatcher with 20 workers.
 -> (artifact id: '00000000000000000000000000000000') in 0.000482 seconds
Import Error Code:(4)
Message: Build asset version error: assets/threematch/scripts/threeboardmgr.cs in SourceAssetDB has modification time of '2026-05-15T09:08:08.0482791Z' while content on disk has modification time of '2026-05-15T09:08:37.0038179Z'
  ERROR: Build asset version error: assets/threematch/scripts/threeboardmgr.cs in SourceAssetDB has modification time of '2026-05-15T09:08:08.0482791Z' while content on disk has modification time of '2026-05-15T09:08:37.0038179Z'
Number of updated asset objects reloaded before import = 0
Number of asset objects unloaded after import = 0
========================================================================
Received Import Request.
  Time since last request: 0.004367 seconds.
  path: Assets/ThreeMatch/Scripts/ThreeBoardMgr.cs
  artifactKey: Guid(78614cf31d98f2245b377bef5b52d1d7) Importer(815301076,1909f56bfc062723c751e8b465ee728b)
Start importing Assets/ThreeMatch/Scripts/ThreeBoardMgr.cs using Guid(78614cf31d98f2245b377bef5b52d1d7) Importer(815301076,1909f56bfc062723c751e8b465ee728b) [PhysX] Initialized MultithreadedTaskDispatcher with 20 workers.
 -> (artifact id: '00000000000000000000000000000000') in 0.000544 seconds
Import Error Code:(4)
Message: Build asset version error: assets/threematch/scripts/threeboardmgr.cs in SourceAssetDB has modification time of '2026-05-15T09:08:08.0482791Z' while content on disk has modification time of '2026-05-15T09:08:37.0038179Z'
  ERROR: Build asset version error: assets/threematch/scripts/threeboardmgr.cs in SourceAssetDB has modification time of '2026-05-15T09:08:08.0482791Z' while content on disk has modification time of '2026-05-15T09:08:37.0038179Z'
Number of updated asset objects reloaded before import = 0
Number of asset objects unloaded after import = 0
========================================================================
Received Import Request.
  Time since last request: 0.005045 seconds.
  path: Assets/ThreeMatch/Scripts/ThreeBoardMgr.cs
  artifactKey: Guid(78614cf31d98f2245b377bef5b52d1d7) Importer(815301076,1909f56bfc062723c751e8b465ee728b)
Start importing Assets/ThreeMatch/Scripts/ThreeBoardMgr.cs using Guid(78614cf31d98f2245b377bef5b52d1d7) Importer(815301076,1909f56bfc062723c751e8b465ee728b) [PhysX] Initialized MultithreadedTaskDispatcher with 20 workers.
 -> (artifact id: '00000000000000000000000000000000') in 0.000500 seconds
Import Error Code:(4)
Message: Build asset version error: assets/threematch/scripts/threeboardmgr.cs in SourceAssetDB has modification time of '2026-05-15T09:08:08.0482791Z' while content on disk has modification time of '2026-05-15T09:08:37.0038179Z'
  ERROR: Build asset version error: assets/threematch/scripts/threeboardmgr.cs in SourceAssetDB has modification time of '2026-05-15T09:08:08.0482791Z' while content on disk has modification time of '2026-05-15T09:08:37.0038179Z'
Number of updated asset objects reloaded before import = 0
Number of asset objects unloaded after import = 0
========================================================================
Received Import Request.
  Time since last request: 0.004283 seconds.
  path: Assets/ThreeMatch/Scripts/ThreeBoardMgr.cs
  artifactKey: Guid(78614cf31d98f2245b377bef5b52d1d7) Importer(815301076,1909f56bfc062723c751e8b465ee728b)
Start importing Assets/ThreeMatch/Scripts/ThreeBoardMgr.cs using Guid(78614cf31d98f2245b377bef5b52d1d7) Importer(815301076,1909f56bfc062723c751e8b465ee728b) [PhysX] Initialized MultithreadedTaskDispatcher with 20 workers.
 -> (artifact id: '00000000000000000000000000000000') in 0.000527 seconds
Import Error Code:(4)
Message: Build asset version error: assets/threematch/scripts/threeboardmgr.cs in SourceAssetDB has modification time of '2026-05-15T09:08:08.0482791Z' while content on disk has modification time of '2026-05-15T09:08:37.0038179Z'
  ERROR: Build asset version error: assets/threematch/scripts/threeboardmgr.cs in SourceAssetDB has modification time of '2026-05-15T09:08:08.0482791Z' while content on disk has modification time of '2026-05-15T09:08:37.0038179Z'
Number of updated asset objects reloaded before import = 0
Number of asset objects unloaded after import = 0
========================================================================
Received Import Request.
  Time since last request: 0.004211 seconds.
  path: Assets/ThreeMatch/Scripts/ThreeBoardMgr.cs
  artifactKey: Guid(78614cf31d98f2245b377bef5b52d1d7) Importer(815301076,1909f56bfc062723c751e8b465ee728b)
Start importing Assets/ThreeMatch/Scripts/ThreeBoardMgr.cs using Guid(78614cf31d98f2245b377bef5b52d1d7) Importer(815301076,1909f56bfc062723c751e8b465ee728b) [PhysX] Initialized MultithreadedTaskDispatcher with 20 workers.
 -> (artifact id: '00000000000000000000000000000000') in 0.000626 seconds
Import Error Code:(4)
Message: Build asset version error: assets/threematch/scripts/threeboardmgr.cs in SourceAssetDB has modification time of '2026-05-15T09:08:08.0482791Z' while content on disk has modification time of '2026-05-15T09:08:37.0038179Z'
  ERROR: Build asset version error: assets/threematch/scripts/threeboardmgr.cs in SourceAssetDB has modification time of '2026-05-15T09:08:08.0482791Z' while content on disk has modification time of '2026-05-15T09:08:37.0038179Z'
Number of updated asset objects reloaded before import = 0
Number of asset objects unloaded after import = 0
========================================================================
Received Import Request.
  Time since last request: 0.005254 seconds.
  path: Assets/ThreeMatch/Scripts/ThreeBoardMgr.cs
  artifactKey: Guid(78614cf31d98f2245b377bef5b52d1d7) Importer(815301076,1909f56bfc062723c751e8b465ee728b)
Start importing Assets/ThreeMatch/Scripts/ThreeBoardMgr.cs using Guid(78614cf31d98f2245b377bef5b52d1d7) Importer(815301076,1909f56bfc062723c751e8b465ee728b) [PhysX] Initialized MultithreadedTaskDispatcher with 20 workers.
 -> (artifact id: '00000000000000000000000000000000') in 0.000494 seconds
Import Error Code:(4)
Message: Build asset version error: assets/threematch/scripts/threeboardmgr.cs in SourceAssetDB has modification time of '2026-05-15T09:08:08.0482791Z' while content on disk has modification time of '2026-05-15T09:08:37.0038179Z'
  ERROR: Build asset version error: assets/threematch/scripts/threeboardmgr.cs in SourceAssetDB has modification time of '2026-05-15T09:08:08.0482791Z' while content on disk has modification time of '2026-05-15T09:08:37.0038179Z'
Number of updated asset objects reloaded before import = 0
Number of asset objects unloaded after import = 0
========================================================================
Received Import Request.
  Time since last request: 0.004919 seconds.
  path: Assets/ThreeMatch/Scripts/ThreeBoardMgr.cs
  artifactKey: Guid(78614cf31d98f2245b377bef5b52d1d7) Importer(815301076,1909f56bfc062723c751e8b465ee728b)
Start importing Assets/ThreeMatch/Scripts/ThreeBoardMgr.cs using Guid(78614cf31d98f2245b377bef5b52d1d7) Importer(815301076,1909f56bfc062723c751e8b465ee728b) [PhysX] Initialized MultithreadedTaskDispatcher with 20 workers.
 -> (artifact id: '00000000000000000000000000000000') in 0.000474 seconds
Import Error Code:(4)
Message: Build asset version error: assets/threematch/scripts/threeboardmgr.cs in SourceAssetDB has modification time of '2026-05-15T09:08:08.0482791Z' while content on disk has modification time of '2026-05-15T09:08:37.0038179Z'
  ERROR: Build asset version error: assets/threematch/scripts/threeboardmgr.cs in SourceAssetDB has modification time of '2026-05-15T09:08:08.0482791Z' while content on disk has modification time of '2026-05-15T09:08:37.0038179Z'
Number of updated asset objects reloaded before import = 0
Number of asset objects unloaded after import = 0
========================================================================
Received Import Request.
  Time since last request: 0.005310 seconds.
  path: Assets/ThreeMatch/Scripts/ThreeBoardMgr.cs
  artifactKey: Guid(78614cf31d98f2245b377bef5b52d1d7) Importer(815301076,1909f56bfc062723c751e8b465ee728b)
Start importing Assets/ThreeMatch/Scripts/ThreeBoardMgr.cs using Guid(78614cf31d98f2245b377bef5b52d1d7) Importer(815301076,1909f56bfc062723c751e8b465ee728b) [PhysX] Initialized MultithreadedTaskDispatcher with 20 workers.
 -> (artifact id: '00000000000000000000000000000000') in 0.000651 seconds
Import Error Code:(4)
Message: Build asset version error: assets/threematch/scripts/threeboardmgr.cs in SourceAssetDB has modification time of '2026-05-15T09:08:08.0482791Z' while content on disk has modification time of '2026-05-15T09:08:37.0038179Z'
  ERROR: Build asset version error: assets/threematch/scripts/threeboardmgr.cs in SourceAssetDB has modification time of '2026-05-15T09:08:08.0482791Z' while content on disk has modification time of '2026-05-15T09:08:37.0038179Z'
Number of updated asset objects reloaded before import = 0
Number of asset objects unloaded after import = 0
========================================================================
Received Import Request.
  Time since last request: 0.004887 seconds.
  path: Assets/ThreeMatch/Scripts/ThreeBoardMgr.cs
  artifactKey: Guid(78614cf31d98f2245b377bef5b52d1d7) Importer(815301076,1909f56bfc062723c751e8b465ee728b)
Start importing Assets/ThreeMatch/Scripts/ThreeBoardMgr.cs using Guid(78614cf31d98f2245b377bef5b52d1d7) Importer(815301076,1909f56bfc062723c751e8b465ee728b) [PhysX] Initialized MultithreadedTaskDispatcher with 20 workers.
 -> (artifact id: '00000000000000000000000000000000') in 0.000508 seconds
Import Error Code:(4)
Message: Build asset version error: assets/threematch/scripts/threeboardmgr.cs in SourceAssetDB has modification time of '2026-05-15T09:08:08.0482791Z' while content on disk has modification time of '2026-05-15T09:08:37.0038179Z'
  ERROR: Build asset version error: assets/threematch/scripts/threeboardmgr.cs in SourceAssetDB has modification time of '2026-05-15T09:08:08.0482791Z' while content on disk has modification time of '2026-05-15T09:08:37.0038179Z'
Number of updated asset objects reloaded before import = 0
Number of asset objects unloaded after import = 0
========================================================================
Received Import Request.
  Time since last request: 0.003764 seconds.
  path: Assets/ThreeMatch/Scripts/ThreeBoardMgr.cs
  artifactKey: Guid(78614cf31d98f2245b377bef5b52d1d7) Importer(815301076,1909f56bfc062723c751e8b465ee728b)
Start importing Assets/ThreeMatch/Scripts/ThreeBoardMgr.cs using Guid(78614cf31d98f2245b377bef5b52d1d7) Importer(815301076,1909f56bfc062723c751e8b465ee728b) [PhysX] Initialized MultithreadedTaskDispatcher with 20 workers.
 -> (artifact id: '00000000000000000000000000000000') in 0.000506 seconds
Import Error Code:(4)
Message: Build asset version error: assets/threematch/scripts/threeboardmgr.cs in SourceAssetDB has modification time of '2026-05-15T09:08:08.0482791Z' while content on disk has modification time of '2026-05-15T09:08:37.0038179Z'
  ERROR: Build asset version error: assets/threematch/scripts/threeboardmgr.cs in SourceAssetDB has modification time of '2026-05-15T09:08:08.0482791Z' while content on disk has modification time of '2026-05-15T09:08:37.0038179Z'
Number of updated asset objects reloaded before import = 0
Number of asset objects unloaded after import = 0
========================================================================
Received Import Request.
  Time since last request: 0.006989 seconds.
  path: Assets/ThreeMatch/Scripts/ThreeBoardMgr.cs
  artifactKey: Guid(78614cf31d98f2245b377bef5b52d1d7) Importer(815301076,1909f56bfc062723c751e8b465ee728b)
Start importing Assets/ThreeMatch/Scripts/ThreeBoardMgr.cs using Guid(78614cf31d98f2245b377bef5b52d1d7) Importer(815301076,1909f56bfc062723c751e8b465ee728b) [PhysX] Initialized MultithreadedTaskDispatcher with 20 workers.
 -> (artifact id: '00000000000000000000000000000000') in 0.000530 seconds
Import Error Code:(4)
Message: Build asset version error: assets/threematch/scripts/threeboardmgr.cs in SourceAssetDB has modification time of '2026-05-15T09:08:08.0482791Z' while content on disk has modification time of '2026-05-15T09:08:37.0038179Z'
  ERROR: Build asset version error: assets/threematch/scripts/threeboardmgr.cs in SourceAssetDB has modification time of '2026-05-15T09:08:08.0482791Z' while content on disk has modification time of '2026-05-15T09:08:37.0038179Z'
Number of updated asset objects reloaded before import = 0
Number of asset objects unloaded after import = 0
========================================================================
Received Import Request.
  Time since last request: 0.004515 seconds.
  path: Assets/ThreeMatch/Scripts/ThreeBoardMgr.cs
  artifactKey: Guid(78614cf31d98f2245b377bef5b52d1d7) Importer(815301076,1909f56bfc062723c751e8b465ee728b)
Start importing Assets/ThreeMatch/Scripts/ThreeBoardMgr.cs using Guid(78614cf31d98f2245b377bef5b52d1d7) Importer(815301076,1909f56bfc062723c751e8b465ee728b) [PhysX] Initialized MultithreadedTaskDispatcher with 20 workers.
 -> (artifact id: '00000000000000000000000000000000') in 0.000491 seconds
Import Error Code:(4)
Message: Build asset version error: assets/threematch/scripts/threeboardmgr.cs in SourceAssetDB has modification time of '2026-05-15T09:08:08.0482791Z' while content on disk has modification time of '2026-05-15T09:08:37.0038179Z'
  ERROR: Build asset version error: assets/threematch/scripts/threeboardmgr.cs in SourceAssetDB has modification time of '2026-05-15T09:08:08.0482791Z' while content on disk has modification time of '2026-05-15T09:08:37.0038179Z'
Number of updated asset objects reloaded before import = 0
Number of asset objects unloaded after import = 0
========================================================================
Received Import Request.
  Time since last request: 0.003797 seconds.
  path: Assets/ThreeMatch/Scripts/ThreeBoardMgr.cs
  artifactKey: Guid(78614cf31d98f2245b377bef5b52d1d7) Importer(815301076,1909f56bfc062723c751e8b465ee728b)
Start importing Assets/ThreeMatch/Scripts/ThreeBoardMgr.cs using Guid(78614cf31d98f2245b377bef5b52d1d7) Importer(815301076,1909f56bfc062723c751e8b465ee728b) [PhysX] Initialized MultithreadedTaskDispatcher with 20 workers.
 -> (artifact id: '00000000000000000000000000000000') in 0.000538 seconds
Import Error Code:(4)
Message: Build asset version error: assets/threematch/scripts/threeboardmgr.cs in SourceAssetDB has modification time of '2026-05-15T09:08:08.0482791Z' while content on disk has modification time of '2026-05-15T09:08:37.0038179Z'
  ERROR: Build asset version error: assets/threematch/scripts/threeboardmgr.cs in SourceAssetDB has modification time of '2026-05-15T09:08:08.0482791Z' while content on disk has modification time of '2026-05-15T09:08:37.0038179Z'
Number of updated asset objects reloaded before import = 0
Number of asset objects unloaded after import = 0
========================================================================
Received Import Request.
  Time since last request: 0.007031 seconds.
  path: Assets/ThreeMatch/Scripts/ThreeBoardMgr.cs
  artifactKey: Guid(78614cf31d98f2245b377bef5b52d1d7) Importer(815301076,1909f56bfc062723c751e8b465ee728b)
Start importing Assets/ThreeMatch/Scripts/ThreeBoardMgr.cs using Guid(78614cf31d98f2245b377bef5b52d1d7) Importer(815301076,1909f56bfc062723c751e8b465ee728b) [PhysX] Initialized MultithreadedTaskDispatcher with 20 workers.
 -> (artifact id: '00000000000000000000000000000000') in 0.000531 seconds
Import Error Code:(4)
Message: Build asset version error: assets/threematch/scripts/threeboardmgr.cs in SourceAssetDB has modification time of '2026-05-15T09:08:08.0482791Z' while content on disk has modification time of '2026-05-15T09:08:37.0038179Z'
  ERROR: Build asset version error: assets/threematch/scripts/threeboardmgr.cs in SourceAssetDB has modification time of '2026-05-15T09:08:08.0482791Z' while content on disk has modification time of '2026-05-15T09:08:37.0038179Z'
Number of updated asset objects reloaded before import = 0
Number of asset objects unloaded after import = 0
========================================================================
Received Import Request.
  Time since last request: 0.003742 seconds.
  path: Assets/ThreeMatch/Scripts/ThreeBoardMgr.cs
  artifactKey: Guid(78614cf31d98f2245b377bef5b52d1d7) Importer(815301076,1909f56bfc062723c751e8b465ee728b)
Start importing Assets/ThreeMatch/Scripts/ThreeBoardMgr.cs using Guid(78614cf31d98f2245b377bef5b52d1d7) Importer(815301076,1909f56bfc062723c751e8b465ee728b) [PhysX] Initialized MultithreadedTaskDispatcher with 20 workers.
 -> (artifact id: '00000000000000000000000000000000') in 0.000455 seconds
Import Error Code:(4)
Message: Build asset version error: assets/threematch/scripts/threeboardmgr.cs in SourceAssetDB has modification time of '2026-05-15T09:08:08.0482791Z' while content on disk has modification time of '2026-05-15T09:08:37.0038179Z'
  ERROR: Build asset version error: assets/threematch/scripts/threeboardmgr.cs in SourceAssetDB has modification time of '2026-05-15T09:08:08.0482791Z' while content on disk has modification time of '2026-05-15T09:08:37.0038179Z'
Number of updated asset objects reloaded before import = 0
Number of asset objects unloaded after import = 0
========================================================================
Received Import Request.
  Time since last request: 0.003801 seconds.
  path: Assets/ThreeMatch/Scripts/ThreeBoardMgr.cs
  artifactKey: Guid(78614cf31d98f2245b377bef5b52d1d7) Importer(815301076,1909f56bfc062723c751e8b465ee728b)
Start importing Assets/ThreeMatch/Scripts/ThreeBoardMgr.cs using Guid(78614cf31d98f2245b377bef5b52d1d7) Importer(815301076,1909f56bfc062723c751e8b465ee728b) [PhysX] Initialized MultithreadedTaskDispatcher with 20 workers.
 -> (artifact id: '00000000000000000000000000000000') in 0.000508 seconds
Import Error Code:(4)
Message: Build asset version error: assets/threematch/scripts/threeboardmgr.cs in SourceAssetDB has modification time of '2026-05-15T09:08:08.0482791Z' while content on disk has modification time of '2026-05-15T09:08:37.0038179Z'
  ERROR: Build asset version error: assets/threematch/scripts/threeboardmgr.cs in SourceAssetDB has modification time of '2026-05-15T09:08:08.0482791Z' while content on disk has modification time of '2026-05-15T09:08:37.0038179Z'
Number of updated asset objects reloaded before import = 0
Number of asset objects unloaded after import = 0
========================================================================
Received Import Request.
  Time since last request: 0.004245 seconds.
  path: Assets/ThreeMatch/Scripts/ThreeBoardMgr.cs
  artifactKey: Guid(78614cf31d98f2245b377bef5b52d1d7) Importer(815301076,1909f56bfc062723c751e8b465ee728b)
Start importing Assets/ThreeMatch/Scripts/ThreeBoardMgr.cs using Guid(78614cf31d98f2245b377bef5b52d1d7) Importer(815301076,1909f56bfc062723c751e8b465ee728b) [PhysX] Initialized MultithreadedTaskDispatcher with 20 workers.
 -> (artifact id: '00000000000000000000000000000000') in 0.000457 seconds
Import Error Code:(4)
Message: Build asset version error: assets/threematch/scripts/threeboardmgr.cs in SourceAssetDB has modification time of '2026-05-15T09:08:08.0482791Z' while content on disk has modification time of '2026-05-15T09:08:37.0038179Z'
  ERROR: Build asset version error: assets/threematch/scripts/threeboardmgr.cs in SourceAssetDB has modification time of '2026-05-15T09:08:08.0482791Z' while content on disk has modification time of '2026-05-15T09:08:37.0038179Z'
Number of updated asset objects reloaded before import = 0
Number of asset objects unloaded after import = 0
========================================================================
Received Import Request.
  Time since last request: 0.004909 seconds.
  path: Assets/ThreeMatch/Scripts/ThreeBoardMgr.cs
  artifactKey: Guid(78614cf31d98f2245b377bef5b52d1d7) Importer(815301076,1909f56bfc062723c751e8b465ee728b)
Start importing Assets/ThreeMatch/Scripts/ThreeBoardMgr.cs using Guid(78614cf31d98f2245b377bef5b52d1d7) Importer(815301076,1909f56bfc062723c751e8b465ee728b) [PhysX] Initialized MultithreadedTaskDispatcher with 20 workers.
 -> (artifact id: '00000000000000000000000000000000') in 0.000488 seconds
Import Error Code:(4)
Message: Build asset version error: assets/threematch/scripts/threeboardmgr.cs in SourceAssetDB has modification time of '2026-05-15T09:08:08.0482791Z' while content on disk has modification time of '2026-05-15T09:08:37.0038179Z'
  ERROR: Build asset version error: assets/threematch/scripts/threeboardmgr.cs in SourceAssetDB has modification time of '2026-05-15T09:08:08.0482791Z' while content on disk has modification time of '2026-05-15T09:08:37.0038179Z'
Number of updated asset objects reloaded before import = 0
Number of asset objects unloaded after import = 0
========================================================================
Received Import Request.
  Time since last request: 0.003905 seconds.
  path: Assets/ThreeMatch/Scripts/ThreeBoardMgr.cs
  artifactKey: Guid(78614cf31d98f2245b377bef5b52d1d7) Importer(815301076,1909f56bfc062723c751e8b465ee728b)
Start importing Assets/ThreeMatch/Scripts/ThreeBoardMgr.cs using Guid(78614cf31d98f2245b377bef5b52d1d7) Importer(815301076,1909f56bfc062723c751e8b465ee728b) [PhysX] Initialized MultithreadedTaskDispatcher with 20 workers.
 -> (artifact id: '00000000000000000000000000000000') in 0.000541 seconds
Import Error Code:(4)
Message: Build asset version error: assets/threematch/scripts/threeboardmgr.cs in SourceAssetDB has modification time of '2026-05-15T09:08:08.0482791Z' while content on disk has modification time of '2026-05-15T09:08:37.0038179Z'
  ERROR: Build asset version error: assets/threematch/scripts/threeboardmgr.cs in SourceAssetDB has modification time of '2026-05-15T09:08:08.0482791Z' while content on disk has modification time of '2026-05-15T09:08:37.0038179Z'
Number of updated asset objects reloaded before import = 0
Number of asset objects unloaded after import = 0
========================================================================
Received Import Request.
  Time since last request: 0.004862 seconds.
  path: Assets/ThreeMatch/Scripts/ThreeBoardMgr.cs
  artifactKey: Guid(78614cf31d98f2245b377bef5b52d1d7) Importer(815301076,1909f56bfc062723c751e8b465ee728b)
Start importing Assets/ThreeMatch/Scripts/ThreeBoardMgr.cs using Guid(78614cf31d98f2245b377bef5b52d1d7) Importer(815301076,1909f56bfc062723c751e8b465ee728b) [PhysX] Initialized MultithreadedTaskDispatcher with 20 workers.
 -> (artifact id: '00000000000000000000000000000000') in 0.000475 seconds
Import Error Code:(4)
Message: Build asset version error: assets/threematch/scripts/threeboardmgr.cs in SourceAssetDB has modification time of '2026-05-15T09:08:08.0482791Z' while content on disk has modification time of '2026-05-15T09:08:37.0038179Z'
  ERROR: Build asset version error: assets/threematch/scripts/threeboardmgr.cs in SourceAssetDB has modification time of '2026-05-15T09:08:08.0482791Z' while content on disk has modification time of '2026-05-15T09:08:37.0038179Z'
Number of updated asset objects reloaded before import = 0
Number of asset objects unloaded after import = 0
========================================================================
Received Import Request.
  Time since last request: 0.004924 seconds.
  path: Assets/ThreeMatch/Scripts/ThreeBoardMgr.cs
  artifactKey: Guid(78614cf31d98f2245b377bef5b52d1d7) Importer(815301076,1909f56bfc062723c751e8b465ee728b)
Start importing Assets/ThreeMatch/Scripts/ThreeBoardMgr.cs using Guid(78614cf31d98f2245b377bef5b52d1d7) Importer(815301076,1909f56bfc062723c751e8b465ee728b) [PhysX] Initialized MultithreadedTaskDispatcher with 20 workers.
 -> (artifact id: '00000000000000000000000000000000') in 0.000513 seconds
Import Error Code:(4)
Message: Build asset version error: assets/threematch/scripts/threeboardmgr.cs in SourceAssetDB has modification time of '2026-05-15T09:08:08.0482791Z' while content on disk has modification time of '2026-05-15T09:08:37.0038179Z'
  ERROR: Build asset version error: assets/threematch/scripts/threeboardmgr.cs in SourceAssetDB has modification time of '2026-05-15T09:08:08.0482791Z' while content on disk has modification time of '2026-05-15T09:08:37.0038179Z'
Number of updated asset objects reloaded before import = 0
Number of asset objects unloaded after import = 0
========================================================================
Received Import Request.
  Time since last request: 0.006125 seconds.
  path: Assets/ThreeMatch/Scripts/ThreeBoardMgr.cs
  artifactKey: Guid(78614cf31d98f2245b377bef5b52d1d7) Importer(815301076,1909f56bfc062723c751e8b465ee728b)
Start importing Assets/ThreeMatch/Scripts/ThreeBoardMgr.cs using Guid(78614cf31d98f2245b377bef5b52d1d7) Importer(815301076,1909f56bfc062723c751e8b465ee728b) [PhysX] Initialized MultithreadedTaskDispatcher with 20 workers.
 -> (artifact id: '00000000000000000000000000000000') in 0.000534 seconds
Import Error Code:(4)
Message: Build asset version error: assets/threematch/scripts/threeboardmgr.cs in SourceAssetDB has modification time of '2026-05-15T09:08:08.0482791Z' while content on disk has modification time of '2026-05-15T09:08:37.0038179Z'
  ERROR: Build asset version error: assets/threematch/scripts/threeboardmgr.cs in SourceAssetDB has modification time of '2026-05-15T09:08:08.0482791Z' while content on disk has modification time of '2026-05-15T09:08:37.0038179Z'
Number of updated asset objects reloaded before import = 0
Number of asset objects unloaded after import = 0
========================================================================
Received Import Request.
  Time since last request: 0.016337 seconds.
  path: Assets/ThreeMatch/Scripts/ThreeBoardMgr.cs
  artifactKey: Guid(78614cf31d98f2245b377bef5b52d1d7) Importer(815301076,1909f56bfc062723c751e8b465ee728b)
Start importing Assets/ThreeMatch/Scripts/ThreeBoardMgr.cs using Guid(78614cf31d98f2245b377bef5b52d1d7) Importer(815301076,1909f56bfc062723c751e8b465ee728b) [PhysX] Initialized MultithreadedTaskDispatcher with 20 workers.
 -> (artifact id: '00000000000000000000000000000000') in 0.000481 seconds
Import Error Code:(4)
Message: Build asset version error: assets/threematch/scripts/threeboardmgr.cs in SourceAssetDB has modification time of '2026-05-15T09:08:08.0482791Z' while content on disk has modification time of '2026-05-15T09:08:37.0038179Z'
  ERROR: Build asset version error: assets/threematch/scripts/threeboardmgr.cs in SourceAssetDB has modification time of '2026-05-15T09:08:08.0482791Z' while content on disk has modification time of '2026-05-15T09:08:37.0038179Z'
Number of updated asset objects reloaded before import = 0
Number of asset objects unloaded after import = 0
========================================================================
Received Import Request.
  Time since last request: 0.008194 seconds.
  path: Assets/ThreeMatch/Scripts/ThreeBoardMgr.cs
  artifactKey: Guid(78614cf31d98f2245b377bef5b52d1d7) Importer(815301076,1909f56bfc062723c751e8b465ee728b)
Start importing Assets/ThreeMatch/Scripts/ThreeBoardMgr.cs using Guid(78614cf31d98f2245b377bef5b52d1d7) Importer(815301076,1909f56bfc062723c751e8b465ee728b) [PhysX] Initialized MultithreadedTaskDispatcher with 20 workers.
 -> (artifact id: '00000000000000000000000000000000') in 0.000536 seconds
Import Error Code:(4)
Message: Build asset version error: assets/threematch/scripts/threeboardmgr.cs in SourceAssetDB has modification time of '2026-05-15T09:08:08.0482791Z' while content on disk has modification time of '2026-05-15T09:08:37.0038179Z'
  ERROR: Build asset version error: assets/threematch/scripts/threeboardmgr.cs in SourceAssetDB has modification time of '2026-05-15T09:08:08.0482791Z' while content on disk has modification time of '2026-05-15T09:08:37.0038179Z'
Number of updated asset objects reloaded before import = 0
Number of asset objects unloaded after import = 0
========================================================================
Received Import Request.
  Time since last request: 0.004064 seconds.
  path: Assets/ThreeMatch/Scripts/ThreeBoardMgr.cs
  artifactKey: Guid(78614cf31d98f2245b377bef5b52d1d7) Importer(815301076,1909f56bfc062723c751e8b465ee728b)
Start importing Assets/ThreeMatch/Scripts/ThreeBoardMgr.cs using Guid(78614cf31d98f2245b377bef5b52d1d7) Importer(815301076,1909f56bfc062723c751e8b465ee728b) [PhysX] Initialized MultithreadedTaskDispatcher with 20 workers.
 -> (artifact id: '00000000000000000000000000000000') in 0.000487 seconds
Import Error Code:(4)
Message: Build asset version error: assets/threematch/scripts/threeboardmgr.cs in SourceAssetDB has modification time of '2026-05-15T09:08:08.0482791Z' while content on disk has modification time of '2026-05-15T09:08:37.0038179Z'
  ERROR: Build asset version error: assets/threematch/scripts/threeboardmgr.cs in SourceAssetDB has modification time of '2026-05-15T09:08:08.0482791Z' while content on disk has modification time of '2026-05-15T09:08:37.0038179Z'
Number of updated asset objects reloaded before import = 0
Number of asset objects unloaded after import = 0
========================================================================
Received Import Request.
  Time since last request: 0.005563 seconds.
  path: Assets/ThreeMatch/Scripts/ThreeBoardMgr.cs
  artifactKey: Guid(78614cf31d98f2245b377bef5b52d1d7) Importer(815301076,1909f56bfc062723c751e8b465ee728b)
Start importing Assets/ThreeMatch/Scripts/ThreeBoardMgr.cs using Guid(78614cf31d98f2245b377bef5b52d1d7) Importer(815301076,1909f56bfc062723c751e8b465ee728b) [PhysX] Initialized MultithreadedTaskDispatcher with 20 workers.
 -> (artifact id: '00000000000000000000000000000000') in 0.000500 seconds
Import Error Code:(4)
Message: Build asset version error: assets/threematch/scripts/threeboardmgr.cs in SourceAssetDB has modification time of '2026-05-15T09:08:08.0482791Z' while content on disk has modification time of '2026-05-15T09:08:37.0038179Z'
  ERROR: Build asset version error: assets/threematch/scripts/threeboardmgr.cs in SourceAssetDB has modification time of '2026-05-15T09:08:08.0482791Z' while content on disk has modification time of '2026-05-15T09:08:37.0038179Z'
Number of updated asset objects reloaded before import = 0
Number of asset objects unloaded after import = 0
========================================================================
Received Import Request.
  Time since last request: 0.004087 seconds.
  path: Assets/ThreeMatch/Scripts/ThreeBoardMgr.cs
  artifactKey: Guid(78614cf31d98f2245b377bef5b52d1d7) Importer(815301076,1909f56bfc062723c751e8b465ee728b)
Start importing Assets/ThreeMatch/Scripts/ThreeBoardMgr.cs using Guid(78614cf31d98f2245b377bef5b52d1d7) Importer(815301076,1909f56bfc062723c751e8b465ee728b) [PhysX] Initialized MultithreadedTaskDispatcher with 20 workers.
 -> (artifact id: '00000000000000000000000000000000') in 0.000527 seconds
Import Error Code:(4)
Message: Build asset version error: assets/threematch/scripts/threeboardmgr.cs in SourceAssetDB has modification time of '2026-05-15T09:08:08.0482791Z' while content on disk has modification time of '2026-05-15T09:08:37.0038179Z'
  ERROR: Build asset version error: assets/threematch/scripts/threeboardmgr.cs in SourceAssetDB has modification time of '2026-05-15T09:08:08.0482791Z' while content on disk has modification time of '2026-05-15T09:08:37.0038179Z'
Number of updated asset objects reloaded before import = 0
Number of asset objects unloaded after import = 0
========================================================================
Received Import Request.
  Time since last request: 0.005546 seconds.
  path: Assets/ThreeMatch/Scripts/ThreeBoardMgr.cs
  artifactKey: Guid(78614cf31d98f2245b377bef5b52d1d7) Importer(815301076,1909f56bfc062723c751e8b465ee728b)
Start importing Assets/ThreeMatch/Scripts/ThreeBoardMgr.cs using Guid(78614cf31d98f2245b377bef5b52d1d7) Importer(815301076,1909f56bfc062723c751e8b465ee728b) [PhysX] Initialized MultithreadedTaskDispatcher with 20 workers.
 -> (artifact id: '00000000000000000000000000000000') in 0.000490 seconds
Import Error Code:(4)
Message: Build asset version error: assets/threematch/scripts/threeboardmgr.cs in SourceAssetDB has modification time of '2026-05-15T09:08:08.0482791Z' while content on disk has modification time of '2026-05-15T09:08:37.0038179Z'
  ERROR: Build asset version error: assets/threematch/scripts/threeboardmgr.cs in SourceAssetDB has modification time of '2026-05-15T09:08:08.0482791Z' while content on disk has modification time of '2026-05-15T09:08:37.0038179Z'
Number of updated asset objects reloaded before import = 0
Number of asset objects unloaded after import = 0
========================================================================
Received Import Request.
  Time since last request: 0.005490 seconds.
  path: Assets/ThreeMatch/Scripts/ThreeBoardMgr.cs
  artifactKey: Guid(78614cf31d98f2245b377bef5b52d1d7) Importer(815301076,1909f56bfc062723c751e8b465ee728b)
Start importing Assets/ThreeMatch/Scripts/ThreeBoardMgr.cs using Guid(78614cf31d98f2245b377bef5b52d1d7) Importer(815301076,1909f56bfc062723c751e8b465ee728b) [PhysX] Initialized MultithreadedTaskDispatcher with 20 workers.
 -> (artifact id: '00000000000000000000000000000000') in 0.000540 seconds
Import Error Code:(4)
Message: Build asset version error: assets/threematch/scripts/threeboardmgr.cs in SourceAssetDB has modification time of '2026-05-15T09:08:08.0482791Z' while content on disk has modification time of '2026-05-15T09:08:37.0038179Z'
  ERROR: Build asset version error: assets/threematch/scripts/threeboardmgr.cs in SourceAssetDB has modification time of '2026-05-15T09:08:08.0482791Z' while content on disk has modification time of '2026-05-15T09:08:37.0038179Z'
Number of updated asset objects reloaded before import = 0
Number of asset objects unloaded after import = 0
========================================================================
Received Import Request.
  Time since last request: 0.004942 seconds.
  path: Assets/ThreeMatch/Scripts/ThreeBoardMgr.cs
  artifactKey: Guid(78614cf31d98f2245b377bef5b52d1d7) Importer(815301076,1909f56bfc062723c751e8b465ee728b)
Start importing Assets/ThreeMatch/Scripts/ThreeBoardMgr.cs using Guid(78614cf31d98f2245b377bef5b52d1d7) Importer(815301076,1909f56bfc062723c751e8b465ee728b) [PhysX] Initialized MultithreadedTaskDispatcher with 20 workers.
 -> (artifact id: '00000000000000000000000000000000') in 0.000523 seconds
Import Error Code:(4)
Message: Build asset version error: assets/threematch/scripts/threeboardmgr.cs in SourceAssetDB has modification time of '2026-05-15T09:08:08.0482791Z' while content on disk has modification time of '2026-05-15T09:08:37.0038179Z'
  ERROR: Build asset version error: assets/threematch/scripts/threeboardmgr.cs in SourceAssetDB has modification time of '2026-05-15T09:08:08.0482791Z' while content on disk has modification time of '2026-05-15T09:08:37.0038179Z'
Number of updated asset objects reloaded before import = 0
Number of asset objects unloaded after import = 0
========================================================================
Received Import Request.
  Time since last request: 0.005344 seconds.
  path: Assets/ThreeMatch/Scripts/ThreeBoardMgr.cs
  artifactKey: Guid(78614cf31d98f2245b377bef5b52d1d7) Importer(815301076,1909f56bfc062723c751e8b465ee728b)
Start importing Assets/ThreeMatch/Scripts/ThreeBoardMgr.cs using Guid(78614cf31d98f2245b377bef5b52d1d7) Importer(815301076,1909f56bfc062723c751e8b465ee728b) [PhysX] Initialized MultithreadedTaskDispatcher with 20 workers.
 -> (artifact id: '00000000000000000000000000000000') in 0.000501 seconds
Import Error Code:(4)
Message: Build asset version error: assets/threematch/scripts/threeboardmgr.cs in SourceAssetDB has modification time of '2026-05-15T09:08:08.0482791Z' while content on disk has modification time of '2026-05-15T09:08:37.0038179Z'
  ERROR: Build asset version error: assets/threematch/scripts/threeboardmgr.cs in SourceAssetDB has modification time of '2026-05-15T09:08:08.0482791Z' while content on disk has modification time of '2026-05-15T09:08:37.0038179Z'
Number of updated asset objects reloaded before import = 0
Number of asset objects unloaded after import = 0
========================================================================
Received Import Request.
  Time since last request: 0.005733 seconds.
  path: Assets/ThreeMatch/Scripts/ThreeBoardMgr.cs
  artifactKey: Guid(78614cf31d98f2245b377bef5b52d1d7) Importer(815301076,1909f56bfc062723c751e8b465ee728b)
Start importing Assets/ThreeMatch/Scripts/ThreeBoardMgr.cs using Guid(78614cf31d98f2245b377bef5b52d1d7) Importer(815301076,1909f56bfc062723c751e8b465ee728b) [PhysX] Initialized MultithreadedTaskDispatcher with 20 workers.
 -> (artifact id: '00000000000000000000000000000000') in 0.000482 seconds
Import Error Code:(4)
Message: Build asset version error: assets/threematch/scripts/threeboardmgr.cs in SourceAssetDB has modification time of '2026-05-15T09:08:08.0482791Z' while content on disk has modification time of '2026-05-15T09:08:37.0038179Z'
  ERROR: Build asset version error: assets/threematch/scripts/threeboardmgr.cs in SourceAssetDB has modification time of '2026-05-15T09:08:08.0482791Z' while content on disk has modification time of '2026-05-15T09:08:37.0038179Z'
Number of updated asset objects reloaded before import = 0
Number of asset objects unloaded after import = 0
========================================================================
Received Import Request.
  Time since last request: 0.004545 seconds.
  path: Assets/ThreeMatch/Scripts/ThreeBoardMgr.cs
  artifactKey: Guid(78614cf31d98f2245b377bef5b52d1d7) Importer(815301076,1909f56bfc062723c751e8b465ee728b)
Start importing Assets/ThreeMatch/Scripts/ThreeBoardMgr.cs using Guid(78614cf31d98f2245b377bef5b52d1d7) Importer(815301076,1909f56bfc062723c751e8b465ee728b) [PhysX] Initialized MultithreadedTaskDispatcher with 20 workers.
 -> (artifact id: '00000000000000000000000000000000') in 0.000526 seconds
Import Error Code:(4)
Message: Build asset version error: assets/threematch/scripts/threeboardmgr.cs in SourceAssetDB has modification time of '2026-05-15T09:08:08.0482791Z' while content on disk has modification time of '2026-05-15T09:08:37.0038179Z'
  ERROR: Build asset version error: assets/threematch/scripts/threeboardmgr.cs in SourceAssetDB has modification time of '2026-05-15T09:08:08.0482791Z' while content on disk has modification time of '2026-05-15T09:08:37.0038179Z'
Number of updated asset objects reloaded before import = 0
Number of asset objects unloaded after import = 0
========================================================================
Received Import Request.
  Time since last request: 0.004877 seconds.
  path: Assets/ThreeMatch/Scripts/ThreeBoardMgr.cs
  artifactKey: Guid(78614cf31d98f2245b377bef5b52d1d7) Importer(815301076,1909f56bfc062723c751e8b465ee728b)
Start importing Assets/ThreeMatch/Scripts/ThreeBoardMgr.cs using Guid(78614cf31d98f2245b377bef5b52d1d7) Importer(815301076,1909f56bfc062723c751e8b465ee728b) [PhysX] Initialized MultithreadedTaskDispatcher with 20 workers.
 -> (artifact id: '00000000000000000000000000000000') in 0.000452 seconds
Import Error Code:(4)
Message: Build asset version error: assets/threematch/scripts/threeboardmgr.cs in SourceAssetDB has modification time of '2026-05-15T09:08:08.0482791Z' while content on disk has modification time of '2026-05-15T09:08:37.0038179Z'
  ERROR: Build asset version error: assets/threematch/scripts/threeboardmgr.cs in SourceAssetDB has modification time of '2026-05-15T09:08:08.0482791Z' while content on disk has modification time of '2026-05-15T09:08:37.0038179Z'
Number of updated asset objects reloaded before import = 0
Number of asset objects unloaded after import = 0
========================================================================
Received Import Request.
  Time since last request: 0.005153 seconds.
  path: Assets/ThreeMatch/Scripts/ThreeBoardMgr.cs
  artifactKey: Guid(78614cf31d98f2245b377bef5b52d1d7) Importer(815301076,1909f56bfc062723c751e8b465ee728b)
Start importing Assets/ThreeMatch/Scripts/ThreeBoardMgr.cs using Guid(78614cf31d98f2245b377bef5b52d1d7) Importer(815301076,1909f56bfc062723c751e8b465ee728b) [PhysX] Initialized MultithreadedTaskDispatcher with 20 workers.
 -> (artifact id: '00000000000000000000000000000000') in 0.000544 seconds
Import Error Code:(4)
Message: Build asset version error: assets/threematch/scripts/threeboardmgr.cs in SourceAssetDB has modification time of '2026-05-15T09:08:08.0482791Z' while content on disk has modification time of '2026-05-15T09:08:37.0038179Z'
  ERROR: Build asset version error: assets/threematch/scripts/threeboardmgr.cs in SourceAssetDB has modification time of '2026-05-15T09:08:08.0482791Z' while content on disk has modification time of '2026-05-15T09:08:37.0038179Z'
Number of updated asset objects reloaded before import = 0
Number of asset objects unloaded after import = 0
========================================================================
Received Import Request.
  Time since last request: 0.005174 seconds.
  path: Assets/ThreeMatch/Scripts/ThreeBoardMgr.cs
  artifactKey: Guid(78614cf31d98f2245b377bef5b52d1d7) Importer(815301076,1909f56bfc062723c751e8b465ee728b)
Start importing Assets/ThreeMatch/Scripts/ThreeBoardMgr.cs using Guid(78614cf31d98f2245b377bef5b52d1d7) Importer(815301076,1909f56bfc062723c751e8b465ee728b) [PhysX] Initialized MultithreadedTaskDispatcher with 20 workers.
 -> (artifact id: '00000000000000000000000000000000') in 0.000536 seconds
Import Error Code:(4)
Message: Build asset version error: assets/threematch/scripts/threeboardmgr.cs in SourceAssetDB has modification time of '2026-05-15T09:08:08.0482791Z' while content on disk has modification time of '2026-05-15T09:08:37.0038179Z'
  ERROR: Build asset version error: assets/threematch/scripts/threeboardmgr.cs in SourceAssetDB has modification time of '2026-05-15T09:08:08.0482791Z' while content on disk has modification time of '2026-05-15T09:08:37.0038179Z'
Number of updated asset objects reloaded before import = 0
Number of asset objects unloaded after import = 0
========================================================================
Received Import Request.
  Time since last request: 0.007428 seconds.
  path: Assets/ThreeMatch/Scripts/ThreeBoardMgr.cs
  artifactKey: Guid(78614cf31d98f2245b377bef5b52d1d7) Importer(815301076,1909f56bfc062723c751e8b465ee728b)
Start importing Assets/ThreeMatch/Scripts/ThreeBoardMgr.cs using Guid(78614cf31d98f2245b377bef5b52d1d7) Importer(815301076,1909f56bfc062723c751e8b465ee728b) [PhysX] Initialized MultithreadedTaskDispatcher with 20 workers.
 -> (artifact id: '00000000000000000000000000000000') in 0.000686 seconds
Import Error Code:(4)
Message: Build asset version error: assets/threematch/scripts/threeboardmgr.cs in SourceAssetDB has modification time of '2026-05-15T09:08:08.0482791Z' while content on disk has modification time of '2026-05-15T09:08:37.0038179Z'
  ERROR: Build asset version error: assets/threematch/scripts/threeboardmgr.cs in SourceAssetDB has modification time of '2026-05-15T09:08:08.0482791Z' while content on disk has modification time of '2026-05-15T09:08:37.0038179Z'
Number of updated asset objects reloaded before import = 0
Number of asset objects unloaded after import = 0
========================================================================
Received Import Request.
  Time since last request: 0.004915 seconds.
  path: Assets/ThreeMatch/Scripts/ThreeBoardMgr.cs
  artifactKey: Guid(78614cf31d98f2245b377bef5b52d1d7) Importer(815301076,1909f56bfc062723c751e8b465ee728b)
Start importing Assets/ThreeMatch/Scripts/ThreeBoardMgr.cs using Guid(78614cf31d98f2245b377bef5b52d1d7) Importer(815301076,1909f56bfc062723c751e8b465ee728b) [PhysX] Initialized MultithreadedTaskDispatcher with 20 workers.
 -> (artifact id: '00000000000000000000000000000000') in 0.000455 seconds
Import Error Code:(4)
Message: Build asset version error: assets/threematch/scripts/threeboardmgr.cs in SourceAssetDB has modification time of '2026-05-15T09:08:08.0482791Z' while content on disk has modification time of '2026-05-15T09:08:37.0038179Z'
  ERROR: Build asset version error: assets/threematch/scripts/threeboardmgr.cs in SourceAssetDB has modification time of '2026-05-15T09:08:08.0482791Z' while content on disk has modification time of '2026-05-15T09:08:37.0038179Z'
Number of updated asset objects reloaded before import = 0
Number of asset objects unloaded after import = 0
========================================================================
Received Import Request.
  Time since last request: 0.004304 seconds.
  path: Assets/ThreeMatch/Scripts/ThreeBoardMgr.cs
  artifactKey: Guid(78614cf31d98f2245b377bef5b52d1d7) Importer(815301076,1909f56bfc062723c751e8b465ee728b)
Start importing Assets/ThreeMatch/Scripts/ThreeBoardMgr.cs using Guid(78614cf31d98f2245b377bef5b52d1d7) Importer(815301076,1909f56bfc062723c751e8b465ee728b) [PhysX] Initialized MultithreadedTaskDispatcher with 20 workers.
 -> (artifact id: '00000000000000000000000000000000') in 0.000499 seconds
Import Error Code:(4)
Message: Build asset version error: assets/threematch/scripts/threeboardmgr.cs in SourceAssetDB has modification time of '2026-05-15T09:08:08.0482791Z' while content on disk has modification time of '2026-05-15T09:08:37.0038179Z'
  ERROR: Build asset version error: assets/threematch/scripts/threeboardmgr.cs in SourceAssetDB has modification time of '2026-05-15T09:08:08.0482791Z' while content on disk has modification time of '2026-05-15T09:08:37.0038179Z'
Number of updated asset objects reloaded before import = 0
Number of asset objects unloaded after import = 0
========================================================================
Received Import Request.
  Time since last request: 0.005290 seconds.
  path: Assets/ThreeMatch/Scripts/ThreeBoardMgr.cs
  artifactKey: Guid(78614cf31d98f2245b377bef5b52d1d7) Importer(815301076,1909f56bfc062723c751e8b465ee728b)
Start importing Assets/ThreeMatch/Scripts/ThreeBoardMgr.cs using Guid(78614cf31d98f2245b377bef5b52d1d7) Importer(815301076,1909f56bfc062723c751e8b465ee728b) [PhysX] Initialized MultithreadedTaskDispatcher with 20 workers.
 -> (artifact id: '00000000000000000000000000000000') in 0.000633 seconds
Import Error Code:(4)
Message: Build asset version error: assets/threematch/scripts/threeboardmgr.cs in SourceAssetDB has modification time of '2026-05-15T09:08:08.0482791Z' while content on disk has modification time of '2026-05-15T09:08:37.0038179Z'
  ERROR: Build asset version error: assets/threematch/scripts/threeboardmgr.cs in SourceAssetDB has modification time of '2026-05-15T09:08:08.0482791Z' while content on disk has modification time of '2026-05-15T09:08:37.0038179Z'
Number of updated asset objects reloaded before import = 0
Number of asset objects unloaded after import = 0
========================================================================
Received Import Request.
  Time since last request: 0.005199 seconds.
  path: Assets/ThreeMatch/Scripts/ThreeBoardMgr.cs
  artifactKey: Guid(78614cf31d98f2245b377bef5b52d1d7) Importer(815301076,1909f56bfc062723c751e8b465ee728b)
Start importing Assets/ThreeMatch/Scripts/ThreeBoardMgr.cs using Guid(78614cf31d98f2245b377bef5b52d1d7) Importer(815301076,1909f56bfc062723c751e8b465ee728b) [PhysX] Initialized MultithreadedTaskDispatcher with 20 workers.
 -> (artifact id: '00000000000000000000000000000000') in 0.000516 seconds
Import Error Code:(4)
Message: Build asset version error: assets/threematch/scripts/threeboardmgr.cs in SourceAssetDB has modification time of '2026-05-15T09:08:08.0482791Z' while content on disk has modification time of '2026-05-15T09:08:37.0038179Z'
  ERROR: Build asset version error: assets/threematch/scripts/threeboardmgr.cs in SourceAssetDB has modification time of '2026-05-15T09:08:08.0482791Z' while content on disk has modification time of '2026-05-15T09:08:37.0038179Z'
Number of updated asset objects reloaded before import = 0
Number of asset objects unloaded after import = 0
========================================================================
Received Import Request.
  Time since last request: 0.004685 seconds.
  path: Assets/ThreeMatch/Scripts/ThreeBoardMgr.cs
  artifactKey: Guid(78614cf31d98f2245b377bef5b52d1d7) Importer(815301076,1909f56bfc062723c751e8b465ee728b)
Start importing Assets/ThreeMatch/Scripts/ThreeBoardMgr.cs using Guid(78614cf31d98f2245b377bef5b52d1d7) Importer(815301076,1909f56bfc062723c751e8b465ee728b) [PhysX] Initialized MultithreadedTaskDispatcher with 20 workers.
 -> (artifact id: '00000000000000000000000000000000') in 0.000530 seconds
Import Error Code:(4)
Message: Build asset version error: assets/threematch/scripts/threeboardmgr.cs in SourceAssetDB has modification time of '2026-05-15T09:08:08.0482791Z' while content on disk has modification time of '2026-05-15T09:08:37.0038179Z'
  ERROR: Build asset version error: assets/threematch/scripts/threeboardmgr.cs in SourceAssetDB has modification time of '2026-05-15T09:08:08.0482791Z' while content on disk has modification time of '2026-05-15T09:08:37.0038179Z'
Number of updated asset objects reloaded before import = 0
Number of asset objects unloaded after import = 0
========================================================================
Received Import Request.
  Time since last request: 0.006255 seconds.
  path: Assets/ThreeMatch/Scripts/ThreeBoardMgr.cs
  artifactKey: Guid(78614cf31d98f2245b377bef5b52d1d7) Importer(815301076,1909f56bfc062723c751e8b465ee728b)
Start importing Assets/ThreeMatch/Scripts/ThreeBoardMgr.cs using Guid(78614cf31d98f2245b377bef5b52d1d7) Importer(815301076,1909f56bfc062723c751e8b465ee728b) [PhysX] Initialized MultithreadedTaskDispatcher with 20 workers.
 -> (artifact id: '00000000000000000000000000000000') in 0.000579 seconds
Import Error Code:(4)
Message: Build asset version error: assets/threematch/scripts/threeboardmgr.cs in SourceAssetDB has modification time of '2026-05-15T09:08:08.0482791Z' while content on disk has modification time of '2026-05-15T09:08:37.0038179Z'
  ERROR: Build asset version error: assets/threematch/scripts/threeboardmgr.cs in SourceAssetDB has modification time of '2026-05-15T09:08:08.0482791Z' while content on disk has modification time of '2026-05-15T09:08:37.0038179Z'
Number of updated asset objects reloaded before import = 0
Number of asset objects unloaded after import = 0
========================================================================
Received Import Request.
  Time since last request: 0.005095 seconds.
  path: Assets/ThreeMatch/Scripts/ThreeBoardMgr.cs
  artifactKey: Guid(78614cf31d98f2245b377bef5b52d1d7) Importer(815301076,1909f56bfc062723c751e8b465ee728b)
Start importing Assets/ThreeMatch/Scripts/ThreeBoardMgr.cs using Guid(78614cf31d98f2245b377bef5b52d1d7) Importer(815301076,1909f56bfc062723c751e8b465ee728b) [PhysX] Initialized MultithreadedTaskDispatcher with 20 workers.
 -> (artifact id: '00000000000000000000000000000000') in 0.000473 seconds
Import Error Code:(4)
Message: Build asset version error: assets/threematch/scripts/threeboardmgr.cs in SourceAssetDB has modification time of '2026-05-15T09:08:08.0482791Z' while content on disk has modification time of '2026-05-15T09:08:37.0038179Z'
  ERROR: Build asset version error: assets/threematch/scripts/threeboardmgr.cs in SourceAssetDB has modification time of '2026-05-15T09:08:08.0482791Z' while content on disk has modification time of '2026-05-15T09:08:37.0038179Z'
Number of updated asset objects reloaded before import = 0
Number of asset objects unloaded after import = 0
========================================================================
Received Import Request.
  Time since last request: 0.004791 seconds.
  path: Assets/ThreeMatch/Scripts/ThreeBoardMgr.cs
  artifactKey: Guid(78614cf31d98f2245b377bef5b52d1d7) Importer(815301076,1909f56bfc062723c751e8b465ee728b)
Start importing Assets/ThreeMatch/Scripts/ThreeBoardMgr.cs using Guid(78614cf31d98f2245b377bef5b52d1d7) Importer(815301076,1909f56bfc062723c751e8b465ee728b) [PhysX] Initialized MultithreadedTaskDispatcher with 20 workers.
 -> (artifact id: '00000000000000000000000000000000') in 0.000527 seconds
Import Error Code:(4)
Message: Build asset version error: assets/threematch/scripts/threeboardmgr.cs in SourceAssetDB has modification time of '2026-05-15T09:08:08.0482791Z' while content on disk has modification time of '2026-05-15T09:08:37.0038179Z'
  ERROR: Build asset version error: assets/threematch/scripts/threeboardmgr.cs in SourceAssetDB has modification time of '2026-05-15T09:08:08.0482791Z' while content on disk has modification time of '2026-05-15T09:08:37.0038179Z'
Number of updated asset objects reloaded before import = 0
Number of asset objects unloaded after import = 0
========================================================================
Received Import Request.
  Time since last request: 0.005187 seconds.
  path: Assets/ThreeMatch/Scripts/ThreeBoardMgr.cs
  artifactKey: Guid(78614cf31d98f2245b377bef5b52d1d7) Importer(815301076,1909f56bfc062723c751e8b465ee728b)
Start importing Assets/ThreeMatch/Scripts/ThreeBoardMgr.cs using Guid(78614cf31d98f2245b377bef5b52d1d7) Importer(815301076,1909f56bfc062723c751e8b465ee728b) [PhysX] Initialized MultithreadedTaskDispatcher with 20 workers.
 -> (artifact id: '00000000000000000000000000000000') in 0.001349 seconds
Import Error Code:(4)
Message: Build asset version error: assets/threematch/scripts/threeboardmgr.cs in SourceAssetDB has modification time of '2026-05-15T09:08:08.0482791Z' while content on disk has modification time of '2026-05-15T09:08:37.0038179Z'
  ERROR: Build asset version error: assets/threematch/scripts/threeboardmgr.cs in SourceAssetDB has modification time of '2026-05-15T09:08:08.0482791Z' while content on disk has modification time of '2026-05-15T09:08:37.0038179Z'
Number of updated asset objects reloaded before import = 0
Number of asset objects unloaded after import = 0
========================================================================
Received Import Request.
  Time since last request: 0.004901 seconds.
  path: Assets/ThreeMatch/Scripts/ThreeBoardMgr.cs
  artifactKey: Guid(78614cf31d98f2245b377bef5b52d1d7) Importer(815301076,1909f56bfc062723c751e8b465ee728b)
Start importing Assets/ThreeMatch/Scripts/ThreeBoardMgr.cs using Guid(78614cf31d98f2245b377bef5b52d1d7) Importer(815301076,1909f56bfc062723c751e8b465ee728b) [PhysX] Initialized MultithreadedTaskDispatcher with 20 workers.
 -> (artifact id: '00000000000000000000000000000000') in 0.000509 seconds
Import Error Code:(4)
Message: Build asset version error: assets/threematch/scripts/threeboardmgr.cs in SourceAssetDB has modification time of '2026-05-15T09:08:08.0482791Z' while content on disk has modification time of '2026-05-15T09:08:37.0038179Z'
  ERROR: Build asset version error: assets/threematch/scripts/threeboardmgr.cs in SourceAssetDB has modification time of '2026-05-15T09:08:08.0482791Z' while content on disk has modification time of '2026-05-15T09:08:37.0038179Z'
Number of updated asset objects reloaded before import = 0
Number of asset objects unloaded after import = 0
========================================================================
Received Import Request.
  Time since last request: 0.004569 seconds.
  path: Assets/ThreeMatch/Scripts/ThreeBoardMgr.cs
  artifactKey: Guid(78614cf31d98f2245b377bef5b52d1d7) Importer(815301076,1909f56bfc062723c751e8b465ee728b)
Start importing Assets/ThreeMatch/Scripts/ThreeBoardMgr.cs using Guid(78614cf31d98f2245b377bef5b52d1d7) Importer(815301076,1909f56bfc062723c751e8b465ee728b) [PhysX] Initialized MultithreadedTaskDispatcher with 20 workers.
 -> (artifact id: '00000000000000000000000000000000') in 0.000494 seconds
Import Error Code:(4)
Message: Build asset version error: assets/threematch/scripts/threeboardmgr.cs in SourceAssetDB has modification time of '2026-05-15T09:08:08.0482791Z' while content on disk has modification time of '2026-05-15T09:08:37.0038179Z'
  ERROR: Build asset version error: assets/threematch/scripts/threeboardmgr.cs in SourceAssetDB has modification time of '2026-05-15T09:08:08.0482791Z' while content on disk has modification time of '2026-05-15T09:08:37.0038179Z'
Number of updated asset objects reloaded before import = 0
Number of asset objects unloaded after import = 0
========================================================================
Received Import Request.
  Time since last request: 0.005506 seconds.
  path: Assets/ThreeMatch/Scripts/ThreeBoardMgr.cs
  artifactKey: Guid(78614cf31d98f2245b377bef5b52d1d7) Importer(815301076,1909f56bfc062723c751e8b465ee728b)
Start importing Assets/ThreeMatch/Scripts/ThreeBoardMgr.cs using Guid(78614cf31d98f2245b377bef5b52d1d7) Importer(815301076,1909f56bfc062723c751e8b465ee728b) [PhysX] Initialized MultithreadedTaskDispatcher with 20 workers.
 -> (artifact id: '00000000000000000000000000000000') in 0.001069 seconds
Import Error Code:(4)
Message: Build asset version error: assets/threematch/scripts/threeboardmgr.cs in SourceAssetDB has modification time of '2026-05-15T09:08:08.0482791Z' while content on disk has modification time of '2026-05-15T09:08:37.0038179Z'
  ERROR: Build asset version error: assets/threematch/scripts/threeboardmgr.cs in SourceAssetDB has modification time of '2026-05-15T09:08:08.0482791Z' while content on disk has modification time of '2026-05-15T09:08:37.0038179Z'
Number of updated asset objects reloaded before import = 0
Number of asset objects unloaded after import = 0
========================================================================
Received Import Request.
  Time since last request: 0.005101 seconds.
  path: Assets/ThreeMatch/Scripts/ThreeBoardMgr.cs
  artifactKey: Guid(78614cf31d98f2245b377bef5b52d1d7) Importer(815301076,1909f56bfc062723c751e8b465ee728b)
Start importing Assets/ThreeMatch/Scripts/ThreeBoardMgr.cs using Guid(78614cf31d98f2245b377bef5b52d1d7) Importer(815301076,1909f56bfc062723c751e8b465ee728b) [PhysX] Initialized MultithreadedTaskDispatcher with 20 workers.
 -> (artifact id: '00000000000000000000000000000000') in 0.000461 seconds
Import Error Code:(4)
Message: Build asset version error: assets/threematch/scripts/threeboardmgr.cs in SourceAssetDB has modification time of '2026-05-15T09:08:08.0482791Z' while content on disk has modification time of '2026-05-15T09:08:37.0038179Z'
  ERROR: Build asset version error: assets/threematch/scripts/threeboardmgr.cs in SourceAssetDB has modification time of '2026-05-15T09:08:08.0482791Z' while content on disk has modification time of '2026-05-15T09:08:37.0038179Z'
Number of updated asset objects reloaded before import = 0
Number of asset objects unloaded after import = 0
========================================================================
Received Import Request.
  Time since last request: 0.003989 seconds.
  path: Assets/ThreeMatch/Scripts/ThreeBoardMgr.cs
  artifactKey: Guid(78614cf31d98f2245b377bef5b52d1d7) Importer(815301076,1909f56bfc062723c751e8b465ee728b)
Start importing Assets/ThreeMatch/Scripts/ThreeBoardMgr.cs using Guid(78614cf31d98f2245b377bef5b52d1d7) Importer(815301076,1909f56bfc062723c751e8b465ee728b) [PhysX] Initialized MultithreadedTaskDispatcher with 20 workers.
 -> (artifact id: '00000000000000000000000000000000') in 0.000558 seconds
Import Error Code:(4)
Message: Build asset version error: assets/threematch/scripts/threeboardmgr.cs in SourceAssetDB has modification time of '2026-05-15T09:08:08.0482791Z' while content on disk has modification time of '2026-05-15T09:08:37.0038179Z'
  ERROR: Build asset version error: assets/threematch/scripts/threeboardmgr.cs in SourceAssetDB has modification time of '2026-05-15T09:08:08.0482791Z' while content on disk has modification time of '2026-05-15T09:08:37.0038179Z'
Number of updated asset objects reloaded before import = 0
Number of asset objects unloaded after import = 0
========================================================================
Received Import Request.
  Time since last request: 0.005321 seconds.
  path: Assets/ThreeMatch/Scripts/ThreeBoardMgr.cs
  artifactKey: Guid(78614cf31d98f2245b377bef5b52d1d7) Importer(815301076,1909f56bfc062723c751e8b465ee728b)
Start importing Assets/ThreeMatch/Scripts/ThreeBoardMgr.cs using Guid(78614cf31d98f2245b377bef5b52d1d7) Importer(815301076,1909f56bfc062723c751e8b465ee728b) [PhysX] Initialized MultithreadedTaskDispatcher with 20 workers.
 -> (artifact id: '00000000000000000000000000000000') in 0.000636 seconds
Import Error Code:(4)
Message: Build asset version error: assets/threematch/scripts/threeboardmgr.cs in SourceAssetDB has modification time of '2026-05-15T09:08:08.0482791Z' while content on disk has modification time of '2026-05-15T09:08:37.0038179Z'
  ERROR: Build asset version error: assets/threematch/scripts/threeboardmgr.cs in SourceAssetDB has modification time of '2026-05-15T09:08:08.0482791Z' while content on disk has modification time of '2026-05-15T09:08:37.0038179Z'
Number of updated asset objects reloaded before import = 0
Number of asset objects unloaded after import = 0
========================================================================
Received Import Request.
  Time since last request: 0.005187 seconds.
  path: Assets/ThreeMatch/Scripts/ThreeBoardMgr.cs
  artifactKey: Guid(78614cf31d98f2245b377bef5b52d1d7) Importer(815301076,1909f56bfc062723c751e8b465ee728b)
Start importing Assets/ThreeMatch/Scripts/ThreeBoardMgr.cs using Guid(78614cf31d98f2245b377bef5b52d1d7) Importer(815301076,1909f56bfc062723c751e8b465ee728b) [PhysX] Initialized MultithreadedTaskDispatcher with 20 workers.
 -> (artifact id: '00000000000000000000000000000000') in 0.000492 seconds
Import Error Code:(4)
Message: Build asset version error: assets/threematch/scripts/threeboardmgr.cs in SourceAssetDB has modification time of '2026-05-15T09:08:08.0482791Z' while content on disk has modification time of '2026-05-15T09:08:37.0038179Z'
  ERROR: Build asset version error: assets/threematch/scripts/threeboardmgr.cs in SourceAssetDB has modification time of '2026-05-15T09:08:08.0482791Z' while content on disk has modification time of '2026-05-15T09:08:37.0038179Z'
Number of updated asset objects reloaded before import = 0
Number of asset objects unloaded after import = 0
========================================================================
Received Import Request.
  Time since last request: 0.003714 seconds.
  path: Assets/ThreeMatch/Scripts/ThreeBoardMgr.cs
  artifactKey: Guid(78614cf31d98f2245b377bef5b52d1d7) Importer(815301076,1909f56bfc062723c751e8b465ee728b)
Start importing Assets/ThreeMatch/Scripts/ThreeBoardMgr.cs using Guid(78614cf31d98f2245b377bef5b52d1d7) Importer(815301076,1909f56bfc062723c751e8b465ee728b) [PhysX] Initialized MultithreadedTaskDispatcher with 20 workers.
 -> (artifact id: '00000000000000000000000000000000') in 0.000503 seconds
Import Error Code:(4)
Message: Build asset version error: assets/threematch/scripts/threeboardmgr.cs in SourceAssetDB has modification time of '2026-05-15T09:08:08.0482791Z' while content on disk has modification time of '2026-05-15T09:08:37.0038179Z'
  ERROR: Build asset version error: assets/threematch/scripts/threeboardmgr.cs in SourceAssetDB has modification time of '2026-05-15T09:08:08.0482791Z' while content on disk has modification time of '2026-05-15T09:08:37.0038179Z'
Number of updated asset objects reloaded before import = 0
Number of asset objects unloaded after import = 0
========================================================================
Received Import Request.
  Time since last request: 0.005699 seconds.
  path: Assets/ThreeMatch/Scripts/ThreeBoardMgr.cs
  artifactKey: Guid(78614cf31d98f2245b377bef5b52d1d7) Importer(815301076,1909f56bfc062723c751e8b465ee728b)
Start importing Assets/ThreeMatch/Scripts/ThreeBoardMgr.cs using Guid(78614cf31d98f2245b377bef5b52d1d7) Importer(815301076,1909f56bfc062723c751e8b465ee728b) [PhysX] Initialized MultithreadedTaskDispatcher with 20 workers.
 -> (artifact id: '00000000000000000000000000000000') in 0.000414 seconds
Import Error Code:(4)
Message: Build asset version error: assets/threematch/scripts/threeboardmgr.cs in SourceAssetDB has modification time of '2026-05-15T09:08:08.0482791Z' while content on disk has modification time of '2026-05-15T09:08:37.0038179Z'
  ERROR: Build asset version error: assets/threematch/scripts/threeboardmgr.cs in SourceAssetDB has modification time of '2026-05-15T09:08:08.0482791Z' while content on disk has modification time of '2026-05-15T09:08:37.0038179Z'
Number of updated asset objects reloaded before import = 0
Number of asset objects unloaded after import = 0
========================================================================
Received Import Request.
  Time since last request: 0.005692 seconds.
  path: Assets/ThreeMatch/Scripts/ThreeBoardMgr.cs
  artifactKey: Guid(78614cf31d98f2245b377bef5b52d1d7) Importer(815301076,1909f56bfc062723c751e8b465ee728b)
Start importing Assets/ThreeMatch/Scripts/ThreeBoardMgr.cs using Guid(78614cf31d98f2245b377bef5b52d1d7) Importer(815301076,1909f56bfc062723c751e8b465ee728b) [PhysX] Initialized MultithreadedTaskDispatcher with 20 workers.
 -> (artifact id: '00000000000000000000000000000000') in 0.000491 seconds
Import Error Code:(4)
Message: Build asset version error: assets/threematch/scripts/threeboardmgr.cs in SourceAssetDB has modification time of '2026-05-15T09:08:08.0482791Z' while content on disk has modification time of '2026-05-15T09:08:37.0038179Z'
  ERROR: Build asset version error: assets/threematch/scripts/threeboardmgr.cs in SourceAssetDB has modification time of '2026-05-15T09:08:08.0482791Z' while content on disk has modification time of '2026-05-15T09:08:37.0038179Z'
Number of updated asset objects reloaded before import = 0
Number of asset objects unloaded after import = 0
========================================================================
Received Import Request.
  Time since last request: 0.003968 seconds.
  path: Assets/ThreeMatch/Scripts/ThreeBoardMgr.cs
  artifactKey: Guid(78614cf31d98f2245b377bef5b52d1d7) Importer(815301076,1909f56bfc062723c751e8b465ee728b)
Start importing Assets/ThreeMatch/Scripts/ThreeBoardMgr.cs using Guid(78614cf31d98f2245b377bef5b52d1d7) Importer(815301076,1909f56bfc062723c751e8b465ee728b) [PhysX] Initialized MultithreadedTaskDispatcher with 20 workers.
 -> (artifact id: '00000000000000000000000000000000') in 0.000521 seconds
Import Error Code:(4)
Message: Build asset version error: assets/threematch/scripts/threeboardmgr.cs in SourceAssetDB has modification time of '2026-05-15T09:08:08.0482791Z' while content on disk has modification time of '2026-05-15T09:08:37.0038179Z'
  ERROR: Build asset version error: assets/threematch/scripts/threeboardmgr.cs in SourceAssetDB has modification time of '2026-05-15T09:08:08.0482791Z' while content on disk has modification time of '2026-05-15T09:08:37.0038179Z'
Number of updated asset objects reloaded before import = 0
Number of asset objects unloaded after import = 0
========================================================================
Received Import Request.
  Time since last request: 0.005269 seconds.
  path: Assets/ThreeMatch/Scripts/ThreeBoardMgr.cs
  artifactKey: Guid(78614cf31d98f2245b377bef5b52d1d7) Importer(815301076,1909f56bfc062723c751e8b465ee728b)
Start importing Assets/ThreeMatch/Scripts/ThreeBoardMgr.cs using Guid(78614cf31d98f2245b377bef5b52d1d7) Importer(815301076,1909f56bfc062723c751e8b465ee728b) [PhysX] Initialized MultithreadedTaskDispatcher with 20 workers.
 -> (artifact id: '00000000000000000000000000000000') in 0.000498 seconds
Import Error Code:(4)
Message: Build asset version error: assets/threematch/scripts/threeboardmgr.cs in SourceAssetDB has modification time of '2026-05-15T09:08:08.0482791Z' while content on disk has modification time of '2026-05-15T09:08:37.0038179Z'
  ERROR: Build asset version error: assets/threematch/scripts/threeboardmgr.cs in SourceAssetDB has modification time of '2026-05-15T09:08:08.0482791Z' while content on disk has modification time of '2026-05-15T09:08:37.0038179Z'
Number of updated asset objects reloaded before import = 0
Number of asset objects unloaded after import = 0
========================================================================
Received Import Request.
  Time since last request: 0.005685 seconds.
  path: Assets/ThreeMatch/Scripts/ThreeBoardMgr.cs
  artifactKey: Guid(78614cf31d98f2245b377bef5b52d1d7) Importer(815301076,1909f56bfc062723c751e8b465ee728b)
Start importing Assets/ThreeMatch/Scripts/ThreeBoardMgr.cs using Guid(78614cf31d98f2245b377bef5b52d1d7) Importer(815301076,1909f56bfc062723c751e8b465ee728b) [PhysX] Initialized MultithreadedTaskDispatcher with 20 workers.
 -> (artifact id: '00000000000000000000000000000000') in 0.000484 seconds
Import Error Code:(4)
Message: Build asset version error: assets/threematch/scripts/threeboardmgr.cs in SourceAssetDB has modification time of '2026-05-15T09:08:08.0482791Z' while content on disk has modification time of '2026-05-15T09:08:37.0038179Z'
  ERROR: Build asset version error: assets/threematch/scripts/threeboardmgr.cs in SourceAssetDB has modification time of '2026-05-15T09:08:08.0482791Z' while content on disk has modification time of '2026-05-15T09:08:37.0038179Z'
Number of updated asset objects reloaded before import = 0
Number of asset objects unloaded after import = 0
========================================================================
Received Import Request.
  Time since last request: 0.004832 seconds.
  path: Assets/ThreeMatch/Scripts/ThreeBoardMgr.cs
  artifactKey: Guid(78614cf31d98f2245b377bef5b52d1d7) Importer(815301076,1909f56bfc062723c751e8b465ee728b)
Start importing Assets/ThreeMatch/Scripts/ThreeBoardMgr.cs using Guid(78614cf31d98f2245b377bef5b52d1d7) Importer(815301076,1909f56bfc062723c751e8b465ee728b) [PhysX] Initialized MultithreadedTaskDispatcher with 20 workers.
 -> (artifact id: '00000000000000000000000000000000') in 0.000533 seconds
Import Error Code:(4)
Message: Build asset version error: assets/threematch/scripts/threeboardmgr.cs in SourceAssetDB has modification time of '2026-05-15T09:08:08.0482791Z' while content on disk has modification time of '2026-05-15T09:08:37.0038179Z'
  ERROR: Build asset version error: assets/threematch/scripts/threeboardmgr.cs in SourceAssetDB has modification time of '2026-05-15T09:08:08.0482791Z' while content on disk has modification time of '2026-05-15T09:08:37.0038179Z'
Number of updated asset objects reloaded before import = 0
Number of asset objects unloaded after import = 0
========================================================================
Received Import Request.
  Time since last request: 0.004989 seconds.
  path: Assets/ThreeMatch/Scripts/ThreeBoardMgr.cs
  artifactKey: Guid(78614cf31d98f2245b377bef5b52d1d7) Importer(815301076,1909f56bfc062723c751e8b465ee728b)
Start importing Assets/ThreeMatch/Scripts/ThreeBoardMgr.cs using Guid(78614cf31d98f2245b377bef5b52d1d7) Importer(815301076,1909f56bfc062723c751e8b465ee728b) [PhysX] Initialized MultithreadedTaskDispatcher with 20 workers.
 -> (artifact id: '00000000000000000000000000000000') in 0.000481 seconds
Import Error Code:(4)
Message: Build asset version error: assets/threematch/scripts/threeboardmgr.cs in SourceAssetDB has modification time of '2026-05-15T09:08:08.0482791Z' while content on disk has modification time of '2026-05-15T09:08:37.0038179Z'
  ERROR: Build asset version error: assets/threematch/scripts/threeboardmgr.cs in SourceAssetDB has modification time of '2026-05-15T09:08:08.0482791Z' while content on disk has modification time of '2026-05-15T09:08:37.0038179Z'
Number of updated asset objects reloaded before import = 0
Number of asset objects unloaded after import = 0
========================================================================
Received Import Request.
  Time since last request: 0.005001 seconds.
  path: Assets/ThreeMatch/Scripts/ThreeBoardMgr.cs
  artifactKey: Guid(78614cf31d98f2245b377bef5b52d1d7) Importer(815301076,1909f56bfc062723c751e8b465ee728b)
Start importing Assets/ThreeMatch/Scripts/ThreeBoardMgr.cs using Guid(78614cf31d98f2245b377bef5b52d1d7) Importer(815301076,1909f56bfc062723c751e8b465ee728b) [PhysX] Initialized MultithreadedTaskDispatcher with 20 workers.
 -> (artifact id: '00000000000000000000000000000000') in 0.000483 seconds
Import Error Code:(4)
Message: Build asset version error: assets/threematch/scripts/threeboardmgr.cs in SourceAssetDB has modification time of '2026-05-15T09:08:08.0482791Z' while content on disk has modification time of '2026-05-15T09:08:37.0038179Z'
  ERROR: Build asset version error: assets/threematch/scripts/threeboardmgr.cs in SourceAssetDB has modification time of '2026-05-15T09:08:08.0482791Z' while content on disk has modification time of '2026-05-15T09:08:37.0038179Z'
Number of updated asset objects reloaded before import = 0
Number of asset objects unloaded after import = 0
========================================================================
Received Import Request.
  Time since last request: 0.004026 seconds.
  path: Assets/ThreeMatch/Scripts/ThreeBoardMgr.cs
  artifactKey: Guid(78614cf31d98f2245b377bef5b52d1d7) Importer(815301076,1909f56bfc062723c751e8b465ee728b)
Start importing Assets/ThreeMatch/Scripts/ThreeBoardMgr.cs using Guid(78614cf31d98f2245b377bef5b52d1d7) Importer(815301076,1909f56bfc062723c751e8b465ee728b) [PhysX] Initialized MultithreadedTaskDispatcher with 20 workers.
 -> (artifact id: '00000000000000000000000000000000') in 0.000529 seconds
Import Error Code:(4)
Message: Build asset version error: assets/threematch/scripts/threeboardmgr.cs in SourceAssetDB has modification time of '2026-05-15T09:08:08.0482791Z' while content on disk has modification time of '2026-05-15T09:08:37.0038179Z'
  ERROR: Build asset version error: assets/threematch/scripts/threeboardmgr.cs in SourceAssetDB has modification time of '2026-05-15T09:08:08.0482791Z' while content on disk has modification time of '2026-05-15T09:08:37.0038179Z'
Number of updated asset objects reloaded before import = 0
Number of asset objects unloaded after import = 0
========================================================================
Received Import Request.
  Time since last request: 0.005889 seconds.
  path: Assets/ThreeMatch/Scripts/ThreeBoardMgr.cs
  artifactKey: Guid(78614cf31d98f2245b377bef5b52d1d7) Importer(815301076,1909f56bfc062723c751e8b465ee728b)
Start importing Assets/ThreeMatch/Scripts/ThreeBoardMgr.cs using Guid(78614cf31d98f2245b377bef5b52d1d7) Importer(815301076,1909f56bfc062723c751e8b465ee728b) [PhysX] Initialized MultithreadedTaskDispatcher with 20 workers.
 -> (artifact id: '00000000000000000000000000000000') in 0.000483 seconds
Import Error Code:(4)
Message: Build asset version error: assets/threematch/scripts/threeboardmgr.cs in SourceAssetDB has modification time of '2026-05-15T09:08:08.0482791Z' while content on disk has modification time of '2026-05-15T09:08:37.0038179Z'
  ERROR: Build asset version error: assets/threematch/scripts/threeboardmgr.cs in SourceAssetDB has modification time of '2026-05-15T09:08:08.0482791Z' while content on disk has modification time of '2026-05-15T09:08:37.0038179Z'
Number of updated asset objects reloaded before import = 0
Number of asset objects unloaded after import = 0
========================================================================
Received Import Request.
  Time since last request: 0.004512 seconds.
  path: Assets/ThreeMatch/Scripts/ThreeBoardMgr.cs
  artifactKey: Guid(78614cf31d98f2245b377bef5b52d1d7) Importer(815301076,1909f56bfc062723c751e8b465ee728b)
Start importing Assets/ThreeMatch/Scripts/ThreeBoardMgr.cs using Guid(78614cf31d98f2245b377bef5b52d1d7) Importer(815301076,1909f56bfc062723c751e8b465ee728b) [PhysX] Initialized MultithreadedTaskDispatcher with 20 workers.
 -> (artifact id: '00000000000000000000000000000000') in 0.000502 seconds
Import Error Code:(4)
Message: Build asset version error: assets/threematch/scripts/threeboardmgr.cs in SourceAssetDB has modification time of '2026-05-15T09:08:08.0482791Z' while content on disk has modification time of '2026-05-15T09:08:37.0038179Z'
  ERROR: Build asset version error: assets/threematch/scripts/threeboardmgr.cs in SourceAssetDB has modification time of '2026-05-15T09:08:08.0482791Z' while content on disk has modification time of '2026-05-15T09:08:37.0038179Z'
Number of updated asset objects reloaded before import = 0
Number of asset objects unloaded after import = 0
========================================================================
Received Import Request.
  Time since last request: 0.005125 seconds.
  path: Assets/ThreeMatch/Scripts/ThreeBoardMgr.cs
  artifactKey: Guid(78614cf31d98f2245b377bef5b52d1d7) Importer(815301076,1909f56bfc062723c751e8b465ee728b)
Start importing Assets/ThreeMatch/Scripts/ThreeBoardMgr.cs using Guid(78614cf31d98f2245b377bef5b52d1d7) Importer(815301076,1909f56bfc062723c751e8b465ee728b) [PhysX] Initialized MultithreadedTaskDispatcher with 20 workers.
 -> (artifact id: '00000000000000000000000000000000') in 0.000525 seconds
Import Error Code:(4)
Message: Build asset version error: assets/threematch/scripts/threeboardmgr.cs in SourceAssetDB has modification time of '2026-05-15T09:08:08.0482791Z' while content on disk has modification time of '2026-05-15T09:08:37.0038179Z'
  ERROR: Build asset version error: assets/threematch/scripts/threeboardmgr.cs in SourceAssetDB has modification time of '2026-05-15T09:08:08.0482791Z' while content on disk has modification time of '2026-05-15T09:08:37.0038179Z'
Number of updated asset objects reloaded before import = 0
Number of asset objects unloaded after import = 0
========================================================================
Received Import Request.
  Time since last request: 0.006084 seconds.
  path: Assets/ThreeMatch/Scripts/ThreeBoardMgr.cs
  artifactKey: Guid(78614cf31d98f2245b377bef5b52d1d7) Importer(815301076,1909f56bfc062723c751e8b465ee728b)
Start importing Assets/ThreeMatch/Scripts/ThreeBoardMgr.cs using Guid(78614cf31d98f2245b377bef5b52d1d7) Importer(815301076,1909f56bfc062723c751e8b465ee728b) [PhysX] Initialized MultithreadedTaskDispatcher with 20 workers.
 -> (artifact id: '00000000000000000000000000000000') in 0.000550 seconds
Import Error Code:(4)
Message: Build asset version error: assets/threematch/scripts/threeboardmgr.cs in SourceAssetDB has modification time of '2026-05-15T09:08:08.0482791Z' while content on disk has modification time of '2026-05-15T09:08:37.0038179Z'
  ERROR: Build asset version error: assets/threematch/scripts/threeboardmgr.cs in SourceAssetDB has modification time of '2026-05-15T09:08:08.0482791Z' while content on disk has modification time of '2026-05-15T09:08:37.0038179Z'
Number of updated asset objects reloaded before import = 0
Number of asset objects unloaded after import = 0
========================================================================
Received Import Request.
  Time since last request: 0.005635 seconds.
  path: Assets/ThreeMatch/Scripts/ThreeBoardMgr.cs
  artifactKey: Guid(78614cf31d98f2245b377bef5b52d1d7) Importer(815301076,1909f56bfc062723c751e8b465ee728b)
Start importing Assets/ThreeMatch/Scripts/ThreeBoardMgr.cs using Guid(78614cf31d98f2245b377bef5b52d1d7) Importer(815301076,1909f56bfc062723c751e8b465ee728b) [PhysX] Initialized MultithreadedTaskDispatcher with 20 workers.
 -> (artifact id: '00000000000000000000000000000000') in 0.000600 seconds
Import Error Code:(4)
Message: Build asset version error: assets/threematch/scripts/threeboardmgr.cs in SourceAssetDB has modification time of '2026-05-15T09:08:08.0482791Z' while content on disk has modification time of '2026-05-15T09:08:37.0038179Z'
  ERROR: Build asset version error: assets/threematch/scripts/threeboardmgr.cs in SourceAssetDB has modification time of '2026-05-15T09:08:08.0482791Z' while content on disk has modification time of '2026-05-15T09:08:37.0038179Z'
Number of updated asset objects reloaded before import = 0
Number of asset objects unloaded after import = 0
========================================================================
Received Prepare
Caller must complete domain reload
Begin MonoManager ReloadAssembly
- Loaded All Assemblies, in  1.708 seconds
Native extension for WindowsStandalone target not found
Native extension for Android target not found
Mono: successfully reloaded assembly
- Finished resetting the current domain, in  5.714 seconds
Domain Reload Profiling: 7419ms
	BeginReloadAssembly (206ms)
		ExecutionOrderSort (0ms)
		DisableScriptedObjects (18ms)
		BackupInstance (0ms)
		ReleaseScriptingObjects (0ms)
		CreateAndSetChildDomain (42ms)
	RebuildCommonClasses (45ms)
	RebuildNativeTypeToScriptingClass (15ms)
	initialDomainReloadingComplete (42ms)
	LoadAllAssembliesAndSetupDomain (1396ms)
		LoadAssemblies (1425ms)
		RebuildTransferFunctionScriptingTraits (0ms)
		AnalyzeDomain (80ms)
			TypeCache.Refresh (24ms)
				TypeCache.ScanAssembly (0ms)
			ScanForSourceGeneratedMonoScriptInfo (34ms)
			ResolveRequiredComponents (19ms)
	FinalizeReload (5715ms)
		ReleaseScriptCaches (0ms)
		RebuildScriptCaches (0ms)
		SetupLoadedEditorAssemblies (1525ms)
			LogAssemblyErrors (0ms)
			InitializePlatformSupportModulesInManaged (30ms)
			SetLoadedEditorAssemblies (55ms)
			RefreshPlugins (0ms)
			BeforeProcessingInitializeOnLoad (807ms)
			ProcessInitializeOnLoadAttributes (517ms)
			ProcessInitializeOnLoadMethodAttributes (105ms)
			AfterProcessingInitializeOnLoad (12ms)
			EditorAssembliesLoaded (0ms)
		ExecutionOrderSort2 (0ms)
		AwakeInstancesAfterBackupRestoration (34ms)
Script is not up to date after domain reload: guid(b173174767049524d9d8215e540b3153) path("Assets/ThreeMatch/Scripts/ThreeGameMgr.cs") state(2)
Refreshing native plugins compatible for Editor in 3.88 ms, found 5 plugins.
Preloading 0 native plugins for Editor in 0.00 ms.
Unloading 5920 Unused Serialized files (Serialized files now loaded: 0)
Unloading 64 unused Assets / (3.6 MB). Loaded Objects now: 6491.
Memory consumption went from 209.4 MB to 205.8 MB.
Total: 5.630800 ms (FindLiveObjects: 0.817000 ms CreateObjectMapping: 0.193300 ms MarkObjects: 2.918800 ms  DeleteObjects: 1.700500 ms)

Prepare: number of updated asset objects reloaded= 0
AssetImportParameters requested are different than current active one (requested -> active):
  custom:container-demuxer-ogg: 62fdf1f143b41e24485cea50d1cbac27 -> 
  custom:video-decoder-ogg-theora: a1e56fd34408186e4bbccfd4996cb3dc -> 
  custom:framework-win-MediaFoundation: 216162199b28c13a410421893ffa2e32 -> 
  custom:CustomObjectIndexerAttribute: 72b91833f83ae208fae7752999fa3104 -> 
  custom:container-demuxer-webm: 4f35f7cbe854078d1ac9338744f61a02 -> 
  custom:container-muxer-webm: aa71ff27fc2769a1b78a27578f13a17b -> 
  custom:video-decoder-webm-vp8: 9c59270c3fd7afecdb556c50c9e8de78 -> 
  custom:SearchIndexIgnoredProperties: e643bd26f0fe6173181afceb89e7c659 -> 
  custom:AudioImporter_EditorPlatform: d09bf68614088b80899f8185d706f6e7 -> 
  custom:scripting/monoscript/fileName/BoardMgr.cs: 916dc321bec899e84da6ee739b074ed8 -> 
  custom:video-encoder-webm-vp8: eb34c28f22e8b96e1ab97ce403110664 -> 
  custom:audio-decoder-ogg-vorbis: bf7c407c2cedff20999df2af8eb42d56 -> 
  custom:scripting/monoscript/fileName/ThreeBoardMgr.cs: 579aecb69a281004d2e4bc037c88a076 -> 
  custom:audio-encoder-webm-vorbis: bf7c407c2cedff20999df2af8eb42d56 -> 
  custom:scripting/precompiled-assembly-types:Assembly-CSharp: f0a286b304280ec09b33e55c069ab82c -> a5db5a0e506a1143112a7a8bcc82317c
========================================================================
Received Prepare
Caller must complete domain reload
Begin MonoManager ReloadAssembly
- Loaded All Assemblies, in  0.649 seconds
Native extension for WindowsStandalone target not found
Native extension for Android target not found
Mono: successfully reloaded assembly
- Finished resetting the current domain, in  1.449 seconds
Domain Reload Profiling: 2095ms
	BeginReloadAssembly (181ms)
		ExecutionOrderSort (0ms)
		DisableScriptedObjects (14ms)
		BackupInstance (0ms)
		ReleaseScriptingObjects (0ms)
		CreateAndSetChildDomain (39ms)
	RebuildCommonClasses (36ms)
	RebuildNativeTypeToScriptingClass (13ms)
	initialDomainReloadingComplete (37ms)
	LoadAllAssembliesAndSetupDomain (378ms)
		LoadAssemblies (419ms)
		RebuildTransferFunctionScriptingTraits (0ms)
		AnalyzeDomain (54ms)
			TypeCache.Refresh (13ms)
				TypeCache.ScanAssembly (0ms)
			ScanForSourceGeneratedMonoScriptInfo (26ms)
			ResolveRequiredComponents (13ms)
	FinalizeReload (1450ms)
		ReleaseScriptCaches (0ms)
		RebuildScriptCaches (0ms)
		SetupLoadedEditorAssemblies (734ms)
			LogAssemblyErrors (0ms)
			InitializePlatformSupportModulesInManaged (33ms)
			SetLoadedEditorAssemblies (6ms)
			RefreshPlugins (0ms)
			BeforeProcessingInitializeOnLoad (154ms)
			ProcessInitializeOnLoadAttributes (441ms)
			ProcessInitializeOnLoadMethodAttributes (91ms)
			AfterProcessingInitializeOnLoad (10ms)
			EditorAssembliesLoaded (0ms)
		ExecutionOrderSort2 (0ms)
		AwakeInstancesAfterBackupRestoration (25ms)
Refreshing native plugins compatible for Editor in 3.98 ms, found 5 plugins.
Preloading 0 native plugins for Editor in 0.00 ms.
Unloading 5921 Unused Serialized files (Serialized files now loaded: 0)
Unloading 64 unused Assets / (3.6 MB). Loaded Objects now: 6498.
Memory consumption went from 209.4 MB to 205.8 MB.
Total: 5.995800 ms (FindLiveObjects: 1.253600 ms CreateObjectMapping: 0.247900 ms MarkObjects: 2.853200 ms  DeleteObjects: 1.640000 ms)

Prepare: number of updated asset objects reloaded= 0
AssetImportParameters requested are different than current active one (requested -> active):
  custom:container-demuxer-ogg: 62fdf1f143b41e24485cea50d1cbac27 -> 
  custom:video-decoder-ogg-theora: a1e56fd34408186e4bbccfd4996cb3dc -> 
  custom:framework-win-MediaFoundation: 216162199b28c13a410421893ffa2e32 -> 
  custom:CustomObjectIndexerAttribute: 72b91833f83ae208fae7752999fa3104 -> 
  custom:container-demuxer-webm: 4f35f7cbe854078d1ac9338744f61a02 -> 
  custom:container-muxer-webm: aa71ff27fc2769a1b78a27578f13a17b -> 
  custom:video-decoder-webm-vp8: 9c59270c3fd7afecdb556c50c9e8de78 -> 
  custom:SearchIndexIgnoredProperties: e643bd26f0fe6173181afceb89e7c659 -> 
  custom:AudioImporter_EditorPlatform: d09bf68614088b80899f8185d706f6e7 -> 
  custom:scripting/monoscript/fileName/BoardMgr.cs: 916dc321bec899e84da6ee739b074ed8 -> 
  custom:video-encoder-webm-vp8: eb34c28f22e8b96e1ab97ce403110664 -> 
  custom:audio-decoder-ogg-vorbis: bf7c407c2cedff20999df2af8eb42d56 -> 
  custom:scripting/monoscript/fileName/ThreeBoardMgr.cs: 579aecb69a281004d2e4bc037c88a076 -> 
  custom:audio-encoder-webm-vorbis: bf7c407c2cedff20999df2af8eb42d56 -> 
  custom:scripting/precompiled-assembly-types:Assembly-CSharp: f0a286b304280ec09b33e55c069ab82c -> a5db5a0e506a1143112a7a8bcc82317c
========================================================================
Received Prepare
Caller must complete domain reload
Begin MonoManager ReloadAssembly
- Loaded All Assemblies, in  0.650 seconds
Native extension for WindowsStandalone target not found
Native extension for Android target not found
Mono: successfully reloaded assembly
- Finished resetting the current domain, in  1.453 seconds
Domain Reload Profiling: 2099ms
	BeginReloadAssembly (189ms)
		ExecutionOrderSort (0ms)
		DisableScriptedObjects (14ms)
		BackupInstance (0ms)
		ReleaseScriptingObjects (0ms)
		CreateAndSetChildDomain (40ms)
	RebuildCommonClasses (37ms)
	RebuildNativeTypeToScriptingClass (13ms)
	initialDomainReloadingComplete (37ms)
	LoadAllAssembliesAndSetupDomain (370ms)
		LoadAssemblies (414ms)
		RebuildTransferFunctionScriptingTraits (0ms)
		AnalyzeDomain (56ms)
			TypeCache.Refresh (14ms)
				TypeCache.ScanAssembly (0ms)
			ScanForSourceGeneratedMonoScriptInfo (27ms)
			ResolveRequiredComponents (14ms)
	FinalizeReload (1453ms)
		ReleaseScriptCaches (0ms)
		RebuildScriptCaches (0ms)
		SetupLoadedEditorAssemblies (729ms)
			LogAssemblyErrors (0ms)
			InitializePlatformSupportModulesInManaged (24ms)
			SetLoadedEditorAssemblies (5ms)
			RefreshPlugins (0ms)
			BeforeProcessingInitializeOnLoad (156ms)
			ProcessInitializeOnLoadAttributes (443ms)
			ProcessInitializeOnLoadMethodAttributes (90ms)
			AfterProcessingInitializeOnLoad (10ms)
			EditorAssembliesLoaded (0ms)
		ExecutionOrderSort2 (0ms)
		AwakeInstancesAfterBackupRestoration (24ms)
Refreshing native plugins compatible for Editor in 4.37 ms, found 5 plugins.
Preloading 0 native plugins for Editor in 0.00 ms.
Unloading 5922 Unused Serialized files (Serialized files now loaded: 0)
Unloading 64 unused Assets / (3.6 MB). Loaded Objects now: 6505.
Memory consumption went from 209.5 MB to 205.9 MB.
Total: 5.651600 ms (FindLiveObjects: 0.769900 ms CreateObjectMapping: 0.192800 ms MarkObjects: 2.893900 ms  DeleteObjects: 1.793900 ms)

Prepare: number of updated asset objects reloaded= 0
AssetImportParameters requested are different than current active one (requested -> active):
  custom:container-demuxer-ogg: 62fdf1f143b41e24485cea50d1cbac27 -> 
  custom:video-decoder-ogg-theora: a1e56fd34408186e4bbccfd4996cb3dc -> 
  custom:framework-win-MediaFoundation: 216162199b28c13a410421893ffa2e32 -> 
  custom:CustomObjectIndexerAttribute: 72b91833f83ae208fae7752999fa3104 -> 
  custom:container-demuxer-webm: 4f35f7cbe854078d1ac9338744f61a02 -> 
  custom:container-muxer-webm: aa71ff27fc2769a1b78a27578f13a17b -> 
  custom:video-decoder-webm-vp8: 9c59270c3fd7afecdb556c50c9e8de78 -> 
  custom:SearchIndexIgnoredProperties: e643bd26f0fe6173181afceb89e7c659 -> 
  custom:scripting/monoscript/fileName/ThreeGameMgr.cs: 43062b3a6c01314a61d90c51eec72c7b -> 
  custom:AudioImporter_EditorPlatform: d09bf68614088b80899f8185d706f6e7 -> 
  custom:scripting/monoscript/fileName/BoardMgr.cs: 916dc321bec899e84da6ee739b074ed8 -> 
  custom:video-encoder-webm-vp8: eb34c28f22e8b96e1ab97ce403110664 -> 
  custom:audio-decoder-ogg-vorbis: bf7c407c2cedff20999df2af8eb42d56 -> 
  custom:scripting/monoscript/fileName/ThreeBoardMgr.cs: 579aecb69a281004d2e4bc037c88a076 -> 
  custom:audio-encoder-webm-vorbis: bf7c407c2cedff20999df2af8eb42d56 -> 
  custom:scripting/precompiled-assembly-types:Assembly-CSharp: f9eecde59ab54db2ae68be2751188099 -> a5db5a0e506a1143112a7a8bcc82317c
========================================================================
Received Prepare
Caller must complete domain reload
Begin MonoManager ReloadAssembly
- Loaded All Assemblies, in  0.577 seconds
Native extension for WindowsStandalone target not found
Native extension for Android target not found
Mono: successfully reloaded assembly
- Finished resetting the current domain, in  1.349 seconds
Domain Reload Profiling: 1923ms
	BeginReloadAssembly (158ms)
		ExecutionOrderSort (0ms)
		DisableScriptedObjects (14ms)
		BackupInstance (0ms)
		ReleaseScriptingObjects (0ms)
		CreateAndSetChildDomain (36ms)
	RebuildCommonClasses (35ms)
	RebuildNativeTypeToScriptingClass (13ms)
	initialDomainReloadingComplete (34ms)
	LoadAllAssembliesAndSetupDomain (333ms)
		LoadAssemblies (358ms)
		RebuildTransferFunctionScriptingTraits (0ms)
		AnalyzeDomain (53ms)
			TypeCache.Refresh (13ms)
				TypeCache.ScanAssembly (0ms)
			ScanForSourceGeneratedMonoScriptInfo (25ms)
			ResolveRequiredComponents (13ms)
	FinalizeReload (1349ms)
		ReleaseScriptCaches (0ms)
		RebuildScriptCaches (0ms)
		SetupLoadedEditorAssemblies (714ms)
			LogAssemblyErrors (0ms)
			InitializePlatformSupportModulesInManaged (24ms)
			SetLoadedEditorAssemblies (5ms)
			RefreshPlugins (0ms)
			BeforeProcessingInitializeOnLoad (152ms)
			ProcessInitializeOnLoadAttributes (433ms)
			ProcessInitializeOnLoadMethodAttributes (90ms)
			AfterProcessingInitializeOnLoad (9ms)
			EditorAssembliesLoaded (0ms)
		ExecutionOrderSort2 (0ms)
		AwakeInstancesAfterBackupRestoration (23ms)
Refreshing native plugins compatible for Editor in 3.66 ms, found 5 plugins.
Preloading 0 native plugins for Editor in 0.00 ms.
Unloading 5922 Unused Serialized files (Serialized files now loaded: 0)
Unloading 64 unused Assets / (3.6 MB). Loaded Objects now: 6511.
Memory consumption went from 209.4 MB to 205.9 MB.
Total: 5.574300 ms (FindLiveObjects: 0.791200 ms CreateObjectMapping: 0.241100 ms MarkObjects: 2.917800 ms  DeleteObjects: 1.623200 ms)

Prepare: number of updated asset objects reloaded= 0
AssetImportParameters requested are different than current active one (requested -> active):
  custom:container-demuxer-ogg: 62fdf1f143b41e24485cea50d1cbac27 -> 
  custom:video-decoder-ogg-theora: a1e56fd34408186e4bbccfd4996cb3dc -> 
  custom:framework-win-MediaFoundation: 216162199b28c13a410421893ffa2e32 -> 
  custom:scripting/monoscript/fileName/ThreeChessMgr.cs: 1c5bb1d7785f67974b6012562a858968 -> 
  custom:CustomObjectIndexerAttribute: 72b91833f83ae208fae7752999fa3104 -> 
  custom:container-demuxer-webm: 4f35f7cbe854078d1ac9338744f61a02 -> 
  custom:container-muxer-webm: aa71ff27fc2769a1b78a27578f13a17b -> 
  custom:video-decoder-webm-vp8: 9c59270c3fd7afecdb556c50c9e8de78 -> 
  custom:SearchIndexIgnoredProperties: e643bd26f0fe6173181afceb89e7c659 -> 
  custom:scripting/monoscript/fileName/ThreeGameMgr.cs: 43062b3a6c01314a61d90c51eec72c7b -> 
  custom:AudioImporter_EditorPlatform: d09bf68614088b80899f8185d706f6e7 -> 
  custom:scripting/monoscript/fileName/BoardMgr.cs: 916dc321bec899e84da6ee739b074ed8 -> 
  custom:video-encoder-webm-vp8: eb34c28f22e8b96e1ab97ce403110664 -> 
  custom:audio-decoder-ogg-vorbis: bf7c407c2cedff20999df2af8eb42d56 -> 
  custom:scripting/monoscript/fileName/ThreeBoardMgr.cs: 579aecb69a281004d2e4bc037c88a076 -> 
  custom:audio-encoder-webm-vorbis: bf7c407c2cedff20999df2af8eb42d56 -> 
  custom:scripting/precompiled-assembly-types:Assembly-CSharp: 3bac19c1620cdb10075c06d456d1b635 -> a5db5a0e506a1143112a7a8bcc82317c
========================================================================
Received Prepare
Caller must complete domain reload
Begin MonoManager ReloadAssembly
- Loaded All Assemblies, in  0.609 seconds
Native extension for WindowsStandalone target not found
Native extension for Android target not found
Mono: successfully reloaded assembly
- Finished resetting the current domain, in  1.383 seconds
Domain Reload Profiling: 1989ms
	BeginReloadAssembly (179ms)
		ExecutionOrderSort (0ms)
		DisableScriptedObjects (14ms)
		BackupInstance (0ms)
		ReleaseScriptingObjects (0ms)
		CreateAndSetChildDomain (37ms)
	RebuildCommonClasses (37ms)
	RebuildNativeTypeToScriptingClass (13ms)
	initialDomainReloadingComplete (36ms)
	LoadAllAssembliesAndSetupDomain (341ms)
		LoadAssemblies (382ms)
		RebuildTransferFunctionScriptingTraits (0ms)
		AnalyzeDomain (55ms)
			TypeCache.Refresh (13ms)
				TypeCache.ScanAssembly (0ms)
			ScanForSourceGeneratedMonoScriptInfo (26ms)
			ResolveRequiredComponents (14ms)
	FinalizeReload (1384ms)
		ReleaseScriptCaches (0ms)
		RebuildScriptCaches (0ms)
		SetupLoadedEditorAssemblies (721ms)
			LogAssemblyErrors (0ms)
			InitializePlatformSupportModulesInManaged (23ms)
			SetLoadedEditorAssemblies (6ms)
			RefreshPlugins (0ms)
			BeforeProcessingInitializeOnLoad (153ms)
			ProcessInitializeOnLoadAttributes (437ms)
			ProcessInitializeOnLoadMethodAttributes (92ms)
			AfterProcessingInitializeOnLoad (10ms)
			EditorAssembliesLoaded (0ms)
		ExecutionOrderSort2 (0ms)
		AwakeInstancesAfterBackupRestoration (25ms)
Script is not up to date after domain reload: guid(b173174767049524d9d8215e540b3153) path("Assets/ThreeMatch/Scripts/ThreeGameMgr.cs") state(2)
Refreshing native plugins compatible for Editor in 4.11 ms, found 5 plugins.
Preloading 0 native plugins for Editor in 0.00 ms.
Unloading 5921 Unused Serialized files (Serialized files now loaded: 0)
Unloading 64 unused Assets / (3.5 MB). Loaded Objects now: 6516.
Memory consumption went from 209.4 MB to 205.9 MB.
Total: 5.915200 ms (FindLiveObjects: 0.743800 ms CreateObjectMapping: 0.191400 ms MarkObjects: 3.034800 ms  DeleteObjects: 1.944000 ms)

Prepare: number of updated asset objects reloaded= 0
AssetImportParameters requested are different than current active one (requested -> active):
  custom:container-demuxer-ogg: 62fdf1f143b41e24485cea50d1cbac27 -> 
  custom:video-decoder-ogg-theora: a1e56fd34408186e4bbccfd4996cb3dc -> 
  custom:framework-win-MediaFoundation: 216162199b28c13a410421893ffa2e32 -> 
  custom:scripting/monoscript/fileName/ThreeChessMgr.cs: 1c5bb1d7785f67974b6012562a858968 -> 
  custom:CustomObjectIndexerAttribute: 72b91833f83ae208fae7752999fa3104 -> 
  custom:container-demuxer-webm: 4f35f7cbe854078d1ac9338744f61a02 -> 
  custom:container-muxer-webm: aa71ff27fc2769a1b78a27578f13a17b -> 
  custom:video-decoder-webm-vp8: 9c59270c3fd7afecdb556c50c9e8de78 -> 
  custom:SearchIndexIgnoredProperties: e643bd26f0fe6173181afceb89e7c659 -> 
  custom:scripting/monoscript/fileName/ThreeGameMgr.cs: 43062b3a6c01314a61d90c51eec72c7b -> 
  custom:AudioImporter_EditorPlatform: d09bf68614088b80899f8185d706f6e7 -> 
  custom:scripting/monoscript/fileName/BoardMgr.cs: 916dc321bec899e84da6ee739b074ed8 -> 
  custom:video-encoder-webm-vp8: eb34c28f22e8b96e1ab97ce403110664 -> 
  custom:audio-decoder-ogg-vorbis: bf7c407c2cedff20999df2af8eb42d56 -> 
  custom:scripting/monoscript/fileName/ThreeBoardMgr.cs: 579aecb69a281004d2e4bc037c88a076 -> 
  custom:audio-encoder-webm-vorbis: bf7c407c2cedff20999df2af8eb42d56 -> 
  custom:scripting/precompiled-assembly-types:Assembly-CSharp: 3bac19c1620cdb10075c06d456d1b635 -> a5db5a0e506a1143112a7a8bcc82317c
========================================================================
Received Prepare
Caller must complete domain reload
Begin MonoManager ReloadAssembly
- Loaded All Assemblies, in  0.602 seconds
Native extension for WindowsStandalone target not found
Native extension for Android target not found
Mono: successfully reloaded assembly
- Finished resetting the current domain, in  1.396 seconds
Domain Reload Profiling: 1995ms
	BeginReloadAssembly (177ms)
		ExecutionOrderSort (0ms)
		DisableScriptedObjects (14ms)
		BackupInstance (0ms)
		ReleaseScriptingObjects (0ms)
		CreateAndSetChildDomain (37ms)
	RebuildCommonClasses (35ms)
	RebuildNativeTypeToScriptingClass (13ms)
	initialDomainReloadingComplete (34ms)
	LoadAllAssembliesAndSetupDomain (339ms)
		LoadAssemblies (376ms)
		RebuildTransferFunctionScriptingTraits (0ms)
		AnalyzeDomain (55ms)
			TypeCache.Refresh (13ms)
				TypeCache.ScanAssembly (0ms)
			ScanForSourceGeneratedMonoScriptInfo (26ms)
			ResolveRequiredComponents (14ms)
	FinalizeReload (1397ms)
		ReleaseScriptCaches (0ms)
		RebuildScriptCaches (0ms)
		SetupLoadedEditorAssemblies (720ms)
			LogAssemblyErrors (0ms)
			InitializePlatformSupportModulesInManaged (24ms)
			SetLoadedEditorAssemblies (5ms)
			RefreshPlugins (0ms)
			BeforeProcessingInitializeOnLoad (154ms)
			ProcessInitializeOnLoadAttributes (436ms)
			ProcessInitializeOnLoadMethodAttributes (91ms)
			AfterProcessingInitializeOnLoad (9ms)
			EditorAssembliesLoaded (0ms)
		ExecutionOrderSort2 (0ms)
		AwakeInstancesAfterBackupRestoration (23ms)
Refreshing native plugins compatible for Editor in 3.40 ms, found 5 plugins.
Preloading 0 native plugins for Editor in 0.00 ms.
Unloading 5922 Unused Serialized files (Serialized files now loaded: 0)
Unloading 64 unused Assets / (3.6 MB). Loaded Objects now: 6523.
Memory consumption went from 209.6 MB to 205.9 MB.
Total: 5.597400 ms (FindLiveObjects: 0.794700 ms CreateObjectMapping: 0.210200 ms MarkObjects: 2.977200 ms  DeleteObjects: 1.614100 ms)

Prepare: number of updated asset objects reloaded= 0
AssetImportParameters requested are different than current active one (requested -> active):
  custom:container-demuxer-ogg: 62fdf1f143b41e24485cea50d1cbac27 -> 
  custom:video-decoder-ogg-theora: a1e56fd34408186e4bbccfd4996cb3dc -> 
  custom:framework-win-MediaFoundation: 216162199b28c13a410421893ffa2e32 -> 
  custom:scripting/monoscript/fileName/ThreeChessMgr.cs: 1c5bb1d7785f67974b6012562a858968 -> 
  custom:CustomObjectIndexerAttribute: 72b91833f83ae208fae7752999fa3104 -> 
  custom:container-demuxer-webm: 4f35f7cbe854078d1ac9338744f61a02 -> 
  custom:container-muxer-webm: aa71ff27fc2769a1b78a27578f13a17b -> 
  custom:video-decoder-webm-vp8: 9c59270c3fd7afecdb556c50c9e8de78 -> 
  custom:SearchIndexIgnoredProperties: e643bd26f0fe6173181afceb89e7c659 -> 
  custom:scripting/monoscript/fileName/ThreeGameMgr.cs: 43062b3a6c01314a61d90c51eec72c7b -> 
  custom:AudioImporter_EditorPlatform: d09bf68614088b80899f8185d706f6e7 -> 
  custom:scripting/monoscript/fileName/BoardMgr.cs: 916dc321bec899e84da6ee739b074ed8 -> 
  custom:video-encoder-webm-vp8: eb34c28f22e8b96e1ab97ce403110664 -> 
  custom:audio-decoder-ogg-vorbis: bf7c407c2cedff20999df2af8eb42d56 -> 
  custom:scripting/monoscript/fileName/ThreeBoardMgr.cs: 579aecb69a281004d2e4bc037c88a076 -> 
  custom:audio-encoder-webm-vorbis: bf7c407c2cedff20999df2af8eb42d56 -> 
  custom:scripting/precompiled-assembly-types:Assembly-CSharp: 3bac19c1620cdb10075c06d456d1b635 -> a5db5a0e506a1143112a7a8bcc82317c
========================================================================
Received Prepare
Caller must complete domain reload
Begin MonoManager ReloadAssembly
- Loaded All Assemblies, in  0.638 seconds
Native extension for WindowsStandalone target not found
Native extension for Android target not found
Mono: successfully reloaded assembly
- Finished resetting the current domain, in  1.404 seconds
Domain Reload Profiling: 2039ms
	BeginReloadAssembly (182ms)
		ExecutionOrderSort (0ms)
		DisableScriptedObjects (13ms)
		BackupInstance (0ms)
		ReleaseScriptingObjects (0ms)
		CreateAndSetChildDomain (39ms)
	RebuildCommonClasses (36ms)
	RebuildNativeTypeToScriptingClass (14ms)
	initialDomainReloadingComplete (44ms)
	LoadAllAssembliesAndSetupDomain (358ms)
		LoadAssemblies (400ms)
		RebuildTransferFunctionScriptingTraits (0ms)
		AnalyzeDomain (54ms)
			TypeCache.Refresh (12ms)
				TypeCache.ScanAssembly (0ms)
			ScanForSourceGeneratedMonoScriptInfo (26ms)
			ResolveRequiredComponents (14ms)
	FinalizeReload (1404ms)
		ReleaseScriptCaches (0ms)
		RebuildScriptCaches (0ms)
		SetupLoadedEditorAssemblies (722ms)
			LogAssemblyErrors (0ms)
			InitializePlatformSupportModulesInManaged (28ms)
			SetLoadedEditorAssemblies (9ms)
			RefreshPlugins (0ms)
			BeforeProcessingInitializeOnLoad (156ms)
			ProcessInitializeOnLoadAttributes (431ms)
			ProcessInitializeOnLoadMethodAttributes (88ms)
			AfterProcessingInitializeOnLoad (9ms)
			EditorAssembliesLoaded (0ms)
		ExecutionOrderSort2 (0ms)
		AwakeInstancesAfterBackupRestoration (24ms)
Refreshing native plugins compatible for Editor in 3.62 ms, found 5 plugins.
Preloading 0 native plugins for Editor in 0.00 ms.
Unloading 5922 Unused Serialized files (Serialized files now loaded: 0)
Unloading 64 unused Assets / (3.6 MB). Loaded Objects now: 6529.
Memory consumption went from 209.4 MB to 205.8 MB.
Total: 6.140300 ms (FindLiveObjects: 0.855700 ms CreateObjectMapping: 0.335200 ms MarkObjects: 3.194900 ms  DeleteObjects: 1.753100 ms)

Prepare: number of updated asset objects reloaded= 0
AssetImportParameters requested are different than current active one (requested -> active):
  custom:container-demuxer-ogg: 62fdf1f143b41e24485cea50d1cbac27 -> 
  custom:video-decoder-ogg-theora: a1e56fd34408186e4bbccfd4996cb3dc -> 
  custom:framework-win-MediaFoundation: 216162199b28c13a410421893ffa2e32 -> 
  custom:scripting/monoscript/fileName/ThreeChessMgr.cs: 1c5bb1d7785f67974b6012562a858968 -> 
  custom:CustomObjectIndexerAttribute: 72b91833f83ae208fae7752999fa3104 -> 
  custom:container-demuxer-webm: 4f35f7cbe854078d1ac9338744f61a02 -> 
  custom:container-muxer-webm: aa71ff27fc2769a1b78a27578f13a17b -> 
  custom:video-decoder-webm-vp8: 9c59270c3fd7afecdb556c50c9e8de78 -> 
  custom:SearchIndexIgnoredProperties: e643bd26f0fe6173181afceb89e7c659 -> 
  custom:scripting/monoscript/fileName/ThreeGameMgr.cs: 43062b3a6c01314a61d90c51eec72c7b -> 
  custom:AudioImporter_EditorPlatform: d09bf68614088b80899f8185d706f6e7 -> 
  custom:scripting/monoscript/fileName/BoardMgr.cs: 916dc321bec899e84da6ee739b074ed8 -> 
  custom:video-encoder-webm-vp8: eb34c28f22e8b96e1ab97ce403110664 -> 
  custom:audio-decoder-ogg-vorbis: bf7c407c2cedff20999df2af8eb42d56 -> 
  custom:scripting/monoscript/fileName/ThreeBoardMgr.cs: 579aecb69a281004d2e4bc037c88a076 -> 
  custom:audio-encoder-webm-vorbis: bf7c407c2cedff20999df2af8eb42d56 -> 
  custom:scripting/precompiled-assembly-types:Assembly-CSharp: 3bac19c1620cdb10075c06d456d1b635 -> a5db5a0e506a1143112a7a8bcc82317c
========================================================================
Received Prepare
Caller must complete domain reload
Begin MonoManager ReloadAssembly
- Loaded All Assemblies, in  0.610 seconds
Native extension for WindowsStandalone target not found
Native extension for Android target not found
Mono: successfully reloaded assembly
- Finished resetting the current domain, in  1.385 seconds
Domain Reload Profiling: 1992ms
	BeginReloadAssembly (178ms)
		ExecutionOrderSort (0ms)
		DisableScriptedObjects (14ms)
		BackupInstance (0ms)
		ReleaseScriptingObjects (0ms)
		CreateAndSetChildDomain (39ms)
	RebuildCommonClasses (35ms)
	RebuildNativeTypeToScriptingClass (13ms)
	initialDomainReloadingComplete (36ms)
	LoadAllAssembliesAndSetupDomain (345ms)
		LoadAssemblies (382ms)
		RebuildTransferFunctionScriptingTraits (0ms)
		AnalyzeDomain (55ms)
			TypeCache.Refresh (13ms)
				TypeCache.ScanAssembly (0ms)
			ScanForSourceGeneratedMonoScriptInfo (26ms)
			ResolveRequiredComponents (14ms)
	FinalizeReload (1386ms)
		ReleaseScriptCaches (0ms)
		RebuildScriptCaches (0ms)
		SetupLoadedEditorAssemblies (726ms)
			LogAssemblyErrors (0ms)
			InitializePlatformSupportModulesInManaged (24ms)
			SetLoadedEditorAssemblies (7ms)
			RefreshPlugins (0ms)
			BeforeProcessingInitializeOnLoad (168ms)
			ProcessInitializeOnLoadAttributes (426ms)
			ProcessInitializeOnLoadMethodAttributes (91ms)
			AfterProcessingInitializeOnLoad (10ms)
			EditorAssembliesLoaded (0ms)
		ExecutionOrderSort2 (0ms)
		AwakeInstancesAfterBackupRestoration (24ms)
Refreshing native plugins compatible for Editor in 3.81 ms, found 5 plugins.
Preloading 0 native plugins for Editor in 0.00 ms.
Unloading 5922 Unused Serialized files (Serialized files now loaded: 0)
Unloading 64 unused Assets / (3.6 MB). Loaded Objects now: 6535.
Memory consumption went from 209.5 MB to 205.9 MB.
Total: 5.359000 ms (FindLiveObjects: 0.750100 ms CreateObjectMapping: 0.189200 ms MarkObjects: 2.818400 ms  DeleteObjects: 1.600300 ms)

Prepare: number of updated asset objects reloaded= 0
AssetImportParameters requested are different than current active one (requested -> active):
  custom:container-demuxer-ogg: 62fdf1f143b41e24485cea50d1cbac27 -> 
  custom:video-decoder-ogg-theora: a1e56fd34408186e4bbccfd4996cb3dc -> 
  custom:framework-win-MediaFoundation: 216162199b28c13a410421893ffa2e32 -> 
  custom:scripting/monoscript/fileName/ThreeChessMgr.cs: 1c5bb1d7785f67974b6012562a858968 -> 
  custom:CustomObjectIndexerAttribute: 72b91833f83ae208fae7752999fa3104 -> 
  custom:container-demuxer-webm: 4f35f7cbe854078d1ac9338744f61a02 -> 
  custom:container-muxer-webm: aa71ff27fc2769a1b78a27578f13a17b -> 
  custom:video-decoder-webm-vp8: 9c59270c3fd7afecdb556c50c9e8de78 -> 
  custom:SearchIndexIgnoredProperties: e643bd26f0fe6173181afceb89e7c659 -> 
  custom:scripting/monoscript/fileName/ThreeGameMgr.cs: 43062b3a6c01314a61d90c51eec72c7b -> 
  custom:AudioImporter_EditorPlatform: d09bf68614088b80899f8185d706f6e7 -> 
  custom:scripting/monoscript/fileName/BoardMgr.cs: 916dc321bec899e84da6ee739b074ed8 -> 
  custom:video-encoder-webm-vp8: eb34c28f22e8b96e1ab97ce403110664 -> 
  custom:audio-decoder-ogg-vorbis: bf7c407c2cedff20999df2af8eb42d56 -> 
  custom:scripting/monoscript/fileName/ThreeBoardMgr.cs: 579aecb69a281004d2e4bc037c88a076 -> 
  custom:audio-encoder-webm-vorbis: bf7c407c2cedff20999df2af8eb42d56 -> 
  custom:scripting/precompiled-assembly-types:Assembly-CSharp: 3bac19c1620cdb10075c06d456d1b635 -> a5db5a0e506a1143112a7a8bcc82317c
========================================================================
Received Import Request.
  Time since last request: 279.057898 seconds.
  path: Assets/ThreeMatch/Scripts/Chess
  artifactKey: Guid(e9c4562037001aa45a2a33242a544baa) Importer(815301076,1909f56bfc062723c751e8b465ee728b)
Start importing Assets/ThreeMatch/Scripts/Chess using Guid(e9c4562037001aa45a2a33242a544baa) Importer(815301076,1909f56bfc062723c751e8b465ee728b) [PhysX] Initialized MultithreadedTaskDispatcher with 20 workers.
 -> (artifact id: '98a85a08182af04ec2bfa18322ec1e0f') in 0.003125 seconds
Number of updated asset objects reloaded before import = 0
Number of asset objects unloaded after import = 0
========================================================================
Received Import Request.
  Time since last request: 14.484066 seconds.
  path: Assets/ThreeMatch/Scripts/Chess/BaseChess.cs
  artifactKey: Guid(50291bb70af1e52459d7f4296c6c5ae9) Importer(815301076,1909f56bfc062723c751e8b465ee728b)
Start importing Assets/ThreeMatch/Scripts/Chess/BaseChess.cs using Guid(50291bb70af1e52459d7f4296c6c5ae9) Importer(815301076,1909f56bfc062723c751e8b465ee728b) [PhysX] Initialized MultithreadedTaskDispatcher with 20 workers.
 -> (artifact id: '63236f05e3b1fb3a5dda0b2d358eb177') in 0.000572 seconds
Number of updated asset objects reloaded before import = 0
Number of asset objects unloaded after import = 0
========================================================================
Received Prepare
Caller must complete domain reload
Begin MonoManager ReloadAssembly
- Loaded All Assemblies, in  0.627 seconds
Native extension for WindowsStandalone target not found
Native extension for Android target not found
Mono: successfully reloaded assembly
- Finished resetting the current domain, in  1.452 seconds
Domain Reload Profiling: 2077ms
	BeginReloadAssembly (179ms)
		ExecutionOrderSort (0ms)
		DisableScriptedObjects (14ms)
		BackupInstance (0ms)
		ReleaseScriptingObjects (0ms)
		CreateAndSetChildDomain (37ms)
	RebuildCommonClasses (37ms)
	RebuildNativeTypeToScriptingClass (13ms)
	initialDomainReloadingComplete (36ms)
	LoadAllAssembliesAndSetupDomain (358ms)
		LoadAssemblies (398ms)
		RebuildTransferFunctionScriptingTraits (0ms)
		AnalyzeDomain (55ms)
			TypeCache.Refresh (13ms)
				TypeCache.ScanAssembly (0ms)
			ScanForSourceGeneratedMonoScriptInfo (27ms)
			ResolveRequiredComponents (14ms)
	FinalizeReload (1453ms)
		ReleaseScriptCaches (0ms)
		RebuildScriptCaches (0ms)
		SetupLoadedEditorAssemblies (726ms)
			LogAssemblyErrors (0ms)
			InitializePlatformSupportModulesInManaged (26ms)
			SetLoadedEditorAssemblies (5ms)
			RefreshPlugins (0ms)
			BeforeProcessingInitializeOnLoad (161ms)
			ProcessInitializeOnLoadAttributes (434ms)
			ProcessInitializeOnLoadMethodAttributes (89ms)
			AfterProcessingInitializeOnLoad (10ms)
			EditorAssembliesLoaded (0ms)
		ExecutionOrderSort2 (0ms)
		AwakeInstancesAfterBackupRestoration (24ms)
Refreshing native plugins compatible for Editor in 3.95 ms, found 5 plugins.
Preloading 0 native plugins for Editor in 0.00 ms.
Unloading 5923 Unused Serialized files (Serialized files now loaded: 0)
Unloading 64 unused Assets / (3.6 MB). Loaded Objects now: 6542.
Memory consumption went from 209.6 MB to 206.0 MB.
Total: 6.000700 ms (FindLiveObjects: 0.869200 ms CreateObjectMapping: 0.246100 ms MarkObjects: 3.137000 ms  DeleteObjects: 1.746900 ms)

Prepare: number of updated asset objects reloaded= 0
AssetImportParameters requested are different than current active one (requested -> active):
  custom:container-demuxer-ogg: 62fdf1f143b41e24485cea50d1cbac27 -> 
  custom:video-decoder-ogg-theora: a1e56fd34408186e4bbccfd4996cb3dc -> 
  custom:framework-win-MediaFoundation: 216162199b28c13a410421893ffa2e32 -> 
  custom:scripting/monoscript/fileName/ThreeChessMgr.cs: 1c5bb1d7785f67974b6012562a858968 -> 
  custom:CustomObjectIndexerAttribute: 72b91833f83ae208fae7752999fa3104 -> 
  custom:container-demuxer-webm: 4f35f7cbe854078d1ac9338744f61a02 -> 
  custom:container-muxer-webm: aa71ff27fc2769a1b78a27578f13a17b -> 
  custom:video-decoder-webm-vp8: 9c59270c3fd7afecdb556c50c9e8de78 -> 
  custom:SearchIndexIgnoredProperties: e643bd26f0fe6173181afceb89e7c659 -> 
  custom:scripting/monoscript/fileName/ThreeGameMgr.cs: 43062b3a6c01314a61d90c51eec72c7b -> 
  custom:AudioImporter_EditorPlatform: d09bf68614088b80899f8185d706f6e7 -> 
  custom:scripting/monoscript/fileName/BaseChess.cs: 7970febe537610e10dc1d8559bada4cd -> 
  custom:scripting/monoscript/fileName/BoardMgr.cs: 916dc321bec899e84da6ee739b074ed8 -> 
  custom:video-encoder-webm-vp8: eb34c28f22e8b96e1ab97ce403110664 -> 
  custom:audio-decoder-ogg-vorbis: bf7c407c2cedff20999df2af8eb42d56 -> 
  custom:scripting/monoscript/fileName/ThreeBoardMgr.cs: 579aecb69a281004d2e4bc037c88a076 -> 
  custom:audio-encoder-webm-vorbis: bf7c407c2cedff20999df2af8eb42d56 -> 
  custom:scripting/precompiled-assembly-types:Assembly-CSharp: 5b92e6090faf7da6d4a924cae7a19f4e -> a5db5a0e506a1143112a7a8bcc82317c
========================================================================
Received Import Request.
  Time since last request: 6.147829 seconds.
  path: Assets/ThreeMatch/Scripts/Chess/BaseChess.cs
  artifactKey: Guid(50291bb70af1e52459d7f4296c6c5ae9) Importer(815301076,1909f56bfc062723c751e8b465ee728b)
Start importing Assets/ThreeMatch/Scripts/Chess/BaseChess.cs using Guid(50291bb70af1e52459d7f4296c6c5ae9) Importer(815301076,1909f56bfc062723c751e8b465ee728b) [PhysX] Initialized MultithreadedTaskDispatcher with 20 workers.
 -> (artifact id: 'b0d797d35ab43e99fde60b230e43d639') in 0.002946 seconds
Number of updated asset objects reloaded before import = 0
Number of asset objects unloaded after import = 0
========================================================================
Received Prepare
Caller must complete domain reload
Begin MonoManager ReloadAssembly
- Loaded All Assemblies, in  0.602 seconds
Native extension for WindowsStandalone target not found
Native extension for Android target not found
Mono: successfully reloaded assembly
- Finished resetting the current domain, in  1.414 seconds
Domain Reload Profiling: 2013ms
	BeginReloadAssembly (176ms)
		ExecutionOrderSort (0ms)
		DisableScriptedObjects (14ms)
		BackupInstance (0ms)
		ReleaseScriptingObjects (0ms)
		CreateAndSetChildDomain (39ms)
	RebuildCommonClasses (36ms)
	RebuildNativeTypeToScriptingClass (13ms)
	initialDomainReloadingComplete (35ms)
	LoadAllAssembliesAndSetupDomain (339ms)
		LoadAssemblies (376ms)
		RebuildTransferFunctionScriptingTraits (0ms)
		AnalyzeDomain (54ms)
			TypeCache.Refresh (12ms)
				TypeCache.ScanAssembly (0ms)
			ScanForSourceGeneratedMonoScriptInfo (25ms)
			ResolveRequiredComponents (14ms)
	FinalizeReload (1415ms)
		ReleaseScriptCaches (0ms)
		RebuildScriptCaches (0ms)
		SetupLoadedEditorAssemblies (721ms)
			LogAssemblyErrors (0ms)
			InitializePlatformSupportModulesInManaged (25ms)
			SetLoadedEditorAssemblies (6ms)
			RefreshPlugins (0ms)
			BeforeProcessingInitializeOnLoad (158ms)
			ProcessInitializeOnLoadAttributes (431ms)
			ProcessInitializeOnLoadMethodAttributes (90ms)
			AfterProcessingInitializeOnLoad (11ms)
			EditorAssembliesLoaded (0ms)
		ExecutionOrderSort2 (0ms)
		AwakeInstancesAfterBackupRestoration (24ms)
Refreshing native plugins compatible for Editor in 3.51 ms, found 5 plugins.
Preloading 0 native plugins for Editor in 0.00 ms.
Unloading 5923 Unused Serialized files (Serialized files now loaded: 0)
Unloading 64 unused Assets / (3.6 MB). Loaded Objects now: 6548.
Memory consumption went from 209.6 MB to 206.0 MB.
Total: 6.352600 ms (FindLiveObjects: 0.710200 ms CreateObjectMapping: 0.202600 ms MarkObjects: 3.697900 ms  DeleteObjects: 1.740500 ms)

Prepare: number of updated asset objects reloaded= 0
AssetImportParameters requested are different than current active one (requested -> active):
  custom:container-demuxer-ogg: 62fdf1f143b41e24485cea50d1cbac27 -> 
  custom:video-decoder-ogg-theora: a1e56fd34408186e4bbccfd4996cb3dc -> 
  custom:framework-win-MediaFoundation: 216162199b28c13a410421893ffa2e32 -> 
  custom:scripting/monoscript/fileName/ThreeChessMgr.cs: 1c5bb1d7785f67974b6012562a858968 -> 
  custom:CustomObjectIndexerAttribute: 72b91833f83ae208fae7752999fa3104 -> 
  custom:container-demuxer-webm: 4f35f7cbe854078d1ac9338744f61a02 -> 
  custom:container-muxer-webm: aa71ff27fc2769a1b78a27578f13a17b -> 
  custom:video-decoder-webm-vp8: 9c59270c3fd7afecdb556c50c9e8de78 -> 
  custom:SearchIndexIgnoredProperties: e643bd26f0fe6173181afceb89e7c659 -> 
  custom:scripting/monoscript/fileName/ThreeGameMgr.cs: 43062b3a6c01314a61d90c51eec72c7b -> 
  custom:AudioImporter_EditorPlatform: d09bf68614088b80899f8185d706f6e7 -> 
  custom:scripting/monoscript/fileName/BaseChess.cs: 7970febe537610e10dc1d8559bada4cd -> 
  custom:scripting/monoscript/fileName/BoardMgr.cs: 916dc321bec899e84da6ee739b074ed8 -> 
  custom:video-encoder-webm-vp8: eb34c28f22e8b96e1ab97ce403110664 -> 
  custom:audio-decoder-ogg-vorbis: bf7c407c2cedff20999df2af8eb42d56 -> 
  custom:scripting/monoscript/fileName/ThreeBoardMgr.cs: 579aecb69a281004d2e4bc037c88a076 -> 
  custom:audio-encoder-webm-vorbis: bf7c407c2cedff20999df2af8eb42d56 -> 
  custom:scripting/precompiled-assembly-types:Assembly-CSharp: 5b92e6090faf7da6d4a924cae7a19f4e -> a5db5a0e506a1143112a7a8bcc82317c
========================================================================
Received Prepare
Caller must complete domain reload
Begin MonoManager ReloadAssembly
- Loaded All Assemblies, in  0.609 seconds
Native extension for WindowsStandalone target not found
Native extension for Android target not found
Mono: successfully reloaded assembly
- Finished resetting the current domain, in  1.393 seconds
Domain Reload Profiling: 1999ms
	BeginReloadAssembly (181ms)
		ExecutionOrderSort (0ms)
		DisableScriptedObjects (14ms)
		BackupInstance (0ms)
		ReleaseScriptingObjects (0ms)
		CreateAndSetChildDomain (38ms)
	RebuildCommonClasses (36ms)
	RebuildNativeTypeToScriptingClass (14ms)
	initialDomainReloadingComplete (37ms)
	LoadAllAssembliesAndSetupDomain (338ms)
		LoadAssemblies (380ms)
		RebuildTransferFunctionScriptingTraits (0ms)
		AnalyzeDomain (54ms)
			TypeCache.Refresh (13ms)
				TypeCache.ScanAssembly (0ms)
			ScanForSourceGeneratedMonoScriptInfo (26ms)
			ResolveRequiredComponents (13ms)
	FinalizeReload (1393ms)
		ReleaseScriptCaches (0ms)
		RebuildScriptCaches (0ms)
		SetupLoadedEditorAssemblies (729ms)
			LogAssemblyErrors (0ms)
			InitializePlatformSupportModulesInManaged (24ms)
			SetLoadedEditorAssemblies (6ms)
			RefreshPlugins (0ms)
			BeforeProcessingInitializeOnLoad (159ms)
			ProcessInitializeOnLoadAttributes (440ms)
			ProcessInitializeOnLoadMethodAttributes (90ms)
			AfterProcessingInitializeOnLoad (10ms)
			EditorAssembliesLoaded (0ms)
		ExecutionOrderSort2 (0ms)
		AwakeInstancesAfterBackupRestoration (25ms)
Refreshing native plugins compatible for Editor in 3.60 ms, found 5 plugins.
Preloading 0 native plugins for Editor in 0.00 ms.
Unloading 5923 Unused Serialized files (Serialized files now loaded: 0)
Unloading 64 unused Assets / (3.6 MB). Loaded Objects now: 6554.
Memory consumption went from 209.6 MB to 206.0 MB.
Total: 5.617400 ms (FindLiveObjects: 0.720200 ms CreateObjectMapping: 0.200200 ms MarkObjects: 3.104000 ms  DeleteObjects: 1.591400 ms)

Prepare: number of updated asset objects reloaded= 0
AssetImportParameters requested are different than current active one (requested -> active):
  custom:container-demuxer-ogg: 62fdf1f143b41e24485cea50d1cbac27 -> 
  custom:video-decoder-ogg-theora: a1e56fd34408186e4bbccfd4996cb3dc -> 
  custom:framework-win-MediaFoundation: 216162199b28c13a410421893ffa2e32 -> 
  custom:scripting/monoscript/fileName/ThreeChessMgr.cs: 1c5bb1d7785f67974b6012562a858968 -> 
  custom:CustomObjectIndexerAttribute: 72b91833f83ae208fae7752999fa3104 -> 
  custom:container-demuxer-webm: 4f35f7cbe854078d1ac9338744f61a02 -> 
  custom:container-muxer-webm: aa71ff27fc2769a1b78a27578f13a17b -> 
  custom:video-decoder-webm-vp8: 9c59270c3fd7afecdb556c50c9e8de78 -> 
  custom:SearchIndexIgnoredProperties: e643bd26f0fe6173181afceb89e7c659 -> 
  custom:scripting/monoscript/fileName/ThreeGameMgr.cs: 43062b3a6c01314a61d90c51eec72c7b -> 
  custom:AudioImporter_EditorPlatform: d09bf68614088b80899f8185d706f6e7 -> 
  custom:scripting/monoscript/fileName/BaseChess.cs: 7970febe537610e10dc1d8559bada4cd -> 
  custom:scripting/monoscript/fileName/BoardMgr.cs: 916dc321bec899e84da6ee739b074ed8 -> 
  custom:video-encoder-webm-vp8: eb34c28f22e8b96e1ab97ce403110664 -> 
  custom:audio-decoder-ogg-vorbis: bf7c407c2cedff20999df2af8eb42d56 -> 
  custom:scripting/monoscript/fileName/ThreeBoardMgr.cs: 579aecb69a281004d2e4bc037c88a076 -> 
  custom:audio-encoder-webm-vorbis: bf7c407c2cedff20999df2af8eb42d56 -> 
  custom:scripting/precompiled-assembly-types:Assembly-CSharp: 5b92e6090faf7da6d4a924cae7a19f4e -> a5db5a0e506a1143112a7a8bcc82317c
========================================================================
Received Prepare
Caller must complete domain reload
Begin MonoManager ReloadAssembly
- Loaded All Assemblies, in  0.616 seconds
Native extension for WindowsStandalone target not found
Native extension for Android target not found
Mono: successfully reloaded assembly
- Finished resetting the current domain, in  1.419 seconds
Domain Reload Profiling: 2030ms
	BeginReloadAssembly (175ms)
		ExecutionOrderSort (0ms)
		DisableScriptedObjects (14ms)
		BackupInstance (0ms)
		ReleaseScriptingObjects (0ms)
		CreateAndSetChildDomain (34ms)
	RebuildCommonClasses (36ms)
	RebuildNativeTypeToScriptingClass (13ms)
	initialDomainReloadingComplete (36ms)
	LoadAllAssembliesAndSetupDomain (351ms)
		LoadAssemblies (389ms)
		RebuildTransferFunctionScriptingTraits (0ms)
		AnalyzeDomain (54ms)
			TypeCache.Refresh (13ms)
				TypeCache.ScanAssembly (0ms)
			ScanForSourceGeneratedMonoScriptInfo (26ms)
			ResolveRequiredComponents (13ms)
	FinalizeReload (1419ms)
		ReleaseScriptCaches (0ms)
		RebuildScriptCaches (0ms)
		SetupLoadedEditorAssemblies (734ms)
			LogAssemblyErrors (0ms)
			InitializePlatformSupportModulesInManaged (25ms)
			SetLoadedEditorAssemblies (5ms)
			RefreshPlugins (0ms)
			BeforeProcessingInitializeOnLoad (160ms)
			ProcessInitializeOnLoadAttributes (442ms)
			ProcessInitializeOnLoadMethodAttributes (91ms)
			AfterProcessingInitializeOnLoad (10ms)
			EditorAssembliesLoaded (0ms)
		ExecutionOrderSort2 (0ms)
		AwakeInstancesAfterBackupRestoration (25ms)
Refreshing native plugins compatible for Editor in 3.65 ms, found 5 plugins.
Preloading 0 native plugins for Editor in 0.00 ms.
Unloading 5923 Unused Serialized files (Serialized files now loaded: 0)
Unloading 64 unused Assets / (3.6 MB). Loaded Objects now: 6560.
Memory consumption went from 209.6 MB to 206.0 MB.
Total: 6.120700 ms (FindLiveObjects: 0.816000 ms CreateObjectMapping: 0.250000 ms MarkObjects: 3.083000 ms  DeleteObjects: 1.971000 ms)

Prepare: number of updated asset objects reloaded= 0
AssetImportParameters requested are different than current active one (requested -> active):
  custom:container-demuxer-ogg: 62fdf1f143b41e24485cea50d1cbac27 -> 
  custom:video-decoder-ogg-theora: a1e56fd34408186e4bbccfd4996cb3dc -> 
  custom:framework-win-MediaFoundation: 216162199b28c13a410421893ffa2e32 -> 
  custom:scripting/monoscript/fileName/ThreeChessMgr.cs: 1c5bb1d7785f67974b6012562a858968 -> 
  custom:CustomObjectIndexerAttribute: 72b91833f83ae208fae7752999fa3104 -> 
  custom:container-demuxer-webm: 4f35f7cbe854078d1ac9338744f61a02 -> 
  custom:container-muxer-webm: aa71ff27fc2769a1b78a27578f13a17b -> 
  custom:video-decoder-webm-vp8: 9c59270c3fd7afecdb556c50c9e8de78 -> 
  custom:SearchIndexIgnoredProperties: e643bd26f0fe6173181afceb89e7c659 -> 
  custom:scripting/monoscript/fileName/ThreeGameMgr.cs: 43062b3a6c01314a61d90c51eec72c7b -> 
  custom:AudioImporter_EditorPlatform: d09bf68614088b80899f8185d706f6e7 -> 
  custom:scripting/monoscript/fileName/BaseChess.cs: 7970febe537610e10dc1d8559bada4cd -> 
  custom:scripting/monoscript/fileName/BoardMgr.cs: 916dc321bec899e84da6ee739b074ed8 -> 
  custom:video-encoder-webm-vp8: eb34c28f22e8b96e1ab97ce403110664 -> 
  custom:audio-decoder-ogg-vorbis: bf7c407c2cedff20999df2af8eb42d56 -> 
  custom:scripting/monoscript/fileName/ThreeBoardMgr.cs: 579aecb69a281004d2e4bc037c88a076 -> 
  custom:audio-encoder-webm-vorbis: bf7c407c2cedff20999df2af8eb42d56 -> 
  custom:scripting/precompiled-assembly-types:Assembly-CSharp: 5b92e6090faf7da6d4a924cae7a19f4e -> a5db5a0e506a1143112a7a8bcc82317c
========================================================================
Received Prepare
Caller must complete domain reload
Begin MonoManager ReloadAssembly
- Loaded All Assemblies, in  0.636 seconds
Native extension for WindowsStandalone target not found
Native extension for Android target not found
Mono: successfully reloaded assembly
- Finished resetting the current domain, in  1.448 seconds
Domain Reload Profiling: 2082ms
	BeginReloadAssembly (186ms)
		ExecutionOrderSort (0ms)
		DisableScriptedObjects (15ms)
		BackupInstance (0ms)
		ReleaseScriptingObjects (0ms)
		CreateAndSetChildDomain (37ms)
	RebuildCommonClasses (38ms)
	RebuildNativeTypeToScriptingClass (13ms)
	initialDomainReloadingComplete (38ms)
	LoadAllAssembliesAndSetupDomain (358ms)
		LoadAssemblies (399ms)
		RebuildTransferFunctionScriptingTraits (0ms)
		AnalyzeDomain (58ms)
			TypeCache.Refresh (14ms)
				TypeCache.ScanAssembly (0ms)
			ScanForSourceGeneratedMonoScriptInfo (28ms)
			ResolveRequiredComponents (15ms)
	FinalizeReload (1449ms)
		ReleaseScriptCaches (0ms)
		RebuildScriptCaches (0ms)
		SetupLoadedEditorAssemblies (761ms)
			LogAssemblyErrors (0ms)
			InitializePlatformSupportModulesInManaged (25ms)
			SetLoadedEditorAssemblies (6ms)
			RefreshPlugins (0ms)
			BeforeProcessingInitializeOnLoad (166ms)
			ProcessInitializeOnLoadAttributes (457ms)
			ProcessInitializeOnLoadMethodAttributes (96ms)
			AfterProcessingInitializeOnLoad (10ms)
			EditorAssembliesLoaded (0ms)
		ExecutionOrderSort2 (0ms)
		AwakeInstancesAfterBackupRestoration (25ms)
Refreshing native plugins compatible for Editor in 4.08 ms, found 5 plugins.
Preloading 0 native plugins for Editor in 0.00 ms.
Unloading 5924 Unused Serialized files (Serialized files now loaded: 0)
Unloading 64 unused Assets / (3.6 MB). Loaded Objects now: 6567.
Memory consumption went from 209.6 MB to 206.0 MB.
Total: 6.235800 ms (FindLiveObjects: 0.984800 ms CreateObjectMapping: 0.227300 ms MarkObjects: 3.265300 ms  DeleteObjects: 1.757000 ms)

Prepare: number of updated asset objects reloaded= 0
AssetImportParameters requested are different than current active one (requested -> active):
  custom:scripting/monoscript/fileName/ThreeLevelData.cs: ac3bf2d6e0caa9dbf9176f03d797c202 -> 
  custom:container-demuxer-ogg: 62fdf1f143b41e24485cea50d1cbac27 -> 
  custom:video-decoder-ogg-theora: a1e56fd34408186e4bbccfd4996cb3dc -> 
  custom:framework-win-MediaFoundation: 216162199b28c13a410421893ffa2e32 -> 
  custom:scripting/monoscript/fileName/ThreeChessMgr.cs: 1c5bb1d7785f67974b6012562a858968 -> 
  custom:CustomObjectIndexerAttribute: 72b91833f83ae208fae7752999fa3104 -> 
  custom:container-demuxer-webm: 4f35f7cbe854078d1ac9338744f61a02 -> 
  custom:container-muxer-webm: aa71ff27fc2769a1b78a27578f13a17b -> 
  custom:video-decoder-webm-vp8: 9c59270c3fd7afecdb556c50c9e8de78 -> 
  custom:SearchIndexIgnoredProperties: e643bd26f0fe6173181afceb89e7c659 -> 
  custom:scripting/monoscript/fileName/ThreeGameMgr.cs: 43062b3a6c01314a61d90c51eec72c7b -> 
  custom:AudioImporter_EditorPlatform: d09bf68614088b80899f8185d706f6e7 -> 
  custom:scripting/monoscript/fileName/BaseChess.cs: 7970febe537610e10dc1d8559bada4cd -> 
  custom:scripting/monoscript/fileName/BoardMgr.cs: 916dc321bec899e84da6ee739b074ed8 -> 
  custom:video-encoder-webm-vp8: eb34c28f22e8b96e1ab97ce403110664 -> 
  custom:audio-decoder-ogg-vorbis: bf7c407c2cedff20999df2af8eb42d56 -> 
  custom:scripting/monoscript/fileName/ThreeBoardMgr.cs: 579aecb69a281004d2e4bc037c88a076 -> 
  custom:audio-encoder-webm-vorbis: bf7c407c2cedff20999df2af8eb42d56 -> 
  custom:scripting/precompiled-assembly-types:Assembly-CSharp: bd9b6676f463b1bd6265ebccb2d21672 -> a5db5a0e506a1143112a7a8bcc82317c
========================================================================
Received Prepare
Caller must complete domain reload
Begin MonoManager ReloadAssembly
- Loaded All Assemblies, in  0.573 seconds
Native extension for WindowsStandalone target not found
Native extension for Android target not found
Mono: successfully reloaded assembly
- Finished resetting the current domain, in  1.464 seconds
Domain Reload Profiling: 2034ms
	BeginReloadAssembly (159ms)
		ExecutionOrderSort (0ms)
		DisableScriptedObjects (14ms)
		BackupInstance (0ms)
		ReleaseScriptingObjects (0ms)
		CreateAndSetChildDomain (34ms)
	RebuildCommonClasses (36ms)
	RebuildNativeTypeToScriptingClass (13ms)
	initialDomainReloadingComplete (35ms)
	LoadAllAssembliesAndSetupDomain (327ms)
		LoadAssemblies (378ms)
		RebuildTransferFunctionScriptingTraits (0ms)
		AnalyzeDomain (28ms)
			TypeCache.Refresh (9ms)
				TypeCache.ScanAssembly (0ms)
			ScanForSourceGeneratedMonoScriptInfo (0ms)
			ResolveRequiredComponents (16ms)
	FinalizeReload (1464ms)
		ReleaseScriptCaches (0ms)
		RebuildScriptCaches (0ms)
		SetupLoadedEditorAssemblies (743ms)
			LogAssemblyErrors (0ms)
			InitializePlatformSupportModulesInManaged (25ms)
			SetLoadedEditorAssemblies (6ms)
			RefreshPlugins (0ms)
			BeforeProcessingInitializeOnLoad (158ms)
			ProcessInitializeOnLoadAttributes (447ms)
			ProcessInitializeOnLoadMethodAttributes (94ms)
			AfterProcessingInitializeOnLoad (12ms)
			EditorAssembliesLoaded (0ms)
		ExecutionOrderSort2 (0ms)
		AwakeInstancesAfterBackupRestoration (27ms)
Refreshing native plugins compatible for Editor in 3.71 ms, found 5 plugins.
Preloading 0 native plugins for Editor in 0.00 ms.
Unloading 5924 Unused Serialized files (Serialized files now loaded: 0)
Unloading 64 unused Assets / (3.6 MB). Loaded Objects now: 6573.
Memory consumption went from 209.6 MB to 206.0 MB.
Total: 6.198000 ms (FindLiveObjects: 0.824800 ms CreateObjectMapping: 0.238100 ms MarkObjects: 3.134600 ms  DeleteObjects: 1.999100 ms)

Prepare: number of updated asset objects reloaded= 0
AssetImportParameters requested are different than current active one (requested -> active):
  custom:scripting/monoscript/fileName/ThreeLevelData.cs: ac3bf2d6e0caa9dbf9176f03d797c202 -> 
  custom:container-demuxer-ogg: 62fdf1f143b41e24485cea50d1cbac27 -> 
  custom:video-decoder-ogg-theora: a1e56fd34408186e4bbccfd4996cb3dc -> 
  custom:framework-win-MediaFoundation: 216162199b28c13a410421893ffa2e32 -> 
  custom:scripting/monoscript/fileName/ThreeChessMgr.cs: 1c5bb1d7785f67974b6012562a858968 -> 
  custom:CustomObjectIndexerAttribute: 72b91833f83ae208fae7752999fa3104 -> 
  custom:container-demuxer-webm: 4f35f7cbe854078d1ac9338744f61a02 -> 
  custom:container-muxer-webm: aa71ff27fc2769a1b78a27578f13a17b -> 
  custom:video-decoder-webm-vp8: 9c59270c3fd7afecdb556c50c9e8de78 -> 
  custom:SearchIndexIgnoredProperties: e643bd26f0fe6173181afceb89e7c659 -> 
  custom:scripting/monoscript/fileName/ThreeGameMgr.cs: 43062b3a6c01314a61d90c51eec72c7b -> 
  custom:AudioImporter_EditorPlatform: d09bf68614088b80899f8185d706f6e7 -> 
  custom:scripting/monoscript/fileName/BaseChess.cs: 7970febe537610e10dc1d8559bada4cd -> 
  custom:scripting/monoscript/fileName/BoardMgr.cs: 916dc321bec899e84da6ee739b074ed8 -> 
  custom:video-encoder-webm-vp8: eb34c28f22e8b96e1ab97ce403110664 -> 
  custom:audio-decoder-ogg-vorbis: bf7c407c2cedff20999df2af8eb42d56 -> 
  custom:scripting/monoscript/fileName/ThreeBoardMgr.cs: 579aecb69a281004d2e4bc037c88a076 -> 
  custom:audio-encoder-webm-vorbis: bf7c407c2cedff20999df2af8eb42d56 -> 
  custom:scripting/precompiled-assembly-types:Assembly-CSharp: bd9b6676f463b1bd6265ebccb2d21672 -> a5db5a0e506a1143112a7a8bcc82317c
========================================================================
Received Prepare
Caller must complete domain reload
Begin MonoManager ReloadAssembly
- Loaded All Assemblies, in  0.616 seconds
Native extension for WindowsStandalone target not found
Native extension for Android target not found
Mono: successfully reloaded assembly
- Finished resetting the current domain, in  1.481 seconds
Domain Reload Profiling: 2093ms
	BeginReloadAssembly (181ms)
		ExecutionOrderSort (0ms)
		DisableScriptedObjects (14ms)
		BackupInstance (0ms)
		ReleaseScriptingObjects (0ms)
		CreateAndSetChildDomain (39ms)
	RebuildCommonClasses (37ms)
	RebuildNativeTypeToScriptingClass (14ms)
	initialDomainReloadingComplete (37ms)
	LoadAllAssembliesAndSetupDomain (343ms)
		LoadAssemblies (413ms)
		RebuildTransferFunctionScriptingTraits (0ms)
		AnalyzeDomain (26ms)
			TypeCache.Refresh (9ms)
				TypeCache.ScanAssembly (0ms)
			ScanForSourceGeneratedMonoScriptInfo (0ms)
			ResolveRequiredComponents (14ms)
	FinalizeReload (1481ms)
		ReleaseScriptCaches (0ms)
		RebuildScriptCaches (0ms)
		SetupLoadedEditorAssemblies (745ms)
			LogAssemblyErrors (0ms)
			InitializePlatformSupportModulesInManaged (25ms)
			SetLoadedEditorAssemblies (5ms)
			RefreshPlugins (0ms)
			BeforeProcessingInitializeOnLoad (161ms)
			ProcessInitializeOnLoadAttributes (448ms)
			ProcessInitializeOnLoadMethodAttributes (94ms)
			AfterProcessingInitializeOnLoad (11ms)
			EditorAssembliesLoaded (0ms)
		ExecutionOrderSort2 (0ms)
		AwakeInstancesAfterBackupRestoration (26ms)
Refreshing native plugins compatible for Editor in 4.18 ms, found 5 plugins.
Preloading 0 native plugins for Editor in 0.00 ms.
Unloading 5924 Unused Serialized files (Serialized files now loaded: 0)
Unloading 64 unused Assets / (3.6 MB). Loaded Objects now: 6579.
Memory consumption went from 209.7 MB to 206.1 MB.
Total: 5.997300 ms (FindLiveObjects: 0.775800 ms CreateObjectMapping: 0.203900 ms MarkObjects: 2.927900 ms  DeleteObjects: 2.088400 ms)

Prepare: number of updated asset objects reloaded= 0
AssetImportParameters requested are different than current active one (requested -> active):
  custom:scripting/monoscript/fileName/ThreeLevelData.cs: ac3bf2d6e0caa9dbf9176f03d797c202 -> 
  custom:container-demuxer-ogg: 62fdf1f143b41e24485cea50d1cbac27 -> 
  custom:video-decoder-ogg-theora: a1e56fd34408186e4bbccfd4996cb3dc -> 
  custom:framework-win-MediaFoundation: 216162199b28c13a410421893ffa2e32 -> 
  custom:scripting/monoscript/fileName/ThreeChessMgr.cs: 1c5bb1d7785f67974b6012562a858968 -> 
  custom:CustomObjectIndexerAttribute: 72b91833f83ae208fae7752999fa3104 -> 
  custom:container-demuxer-webm: 4f35f7cbe854078d1ac9338744f61a02 -> 
  custom:container-muxer-webm: aa71ff27fc2769a1b78a27578f13a17b -> 
  custom:video-decoder-webm-vp8: 9c59270c3fd7afecdb556c50c9e8de78 -> 
  custom:SearchIndexIgnoredProperties: e643bd26f0fe6173181afceb89e7c659 -> 
  custom:scripting/monoscript/fileName/ThreeGameMgr.cs: 43062b3a6c01314a61d90c51eec72c7b -> 
  custom:AudioImporter_EditorPlatform: d09bf68614088b80899f8185d706f6e7 -> 
  custom:scripting/monoscript/fileName/BaseChess.cs: 7970febe537610e10dc1d8559bada4cd -> 
  custom:scripting/monoscript/fileName/BoardMgr.cs: 916dc321bec899e84da6ee739b074ed8 -> 
  custom:video-encoder-webm-vp8: eb34c28f22e8b96e1ab97ce403110664 -> 
  custom:audio-decoder-ogg-vorbis: bf7c407c2cedff20999df2af8eb42d56 -> 
  custom:scripting/monoscript/fileName/ThreeBoardMgr.cs: 579aecb69a281004d2e4bc037c88a076 -> 
  custom:audio-encoder-webm-vorbis: bf7c407c2cedff20999df2af8eb42d56 -> 
  custom:scripting/precompiled-assembly-types:Assembly-CSharp: bd9b6676f463b1bd6265ebccb2d21672 -> a5db5a0e506a1143112a7a8bcc82317c
========================================================================
Received Prepare
Caller must complete domain reload
Begin MonoManager ReloadAssembly
- Loaded All Assemblies, in  0.610 seconds
Native extension for WindowsStandalone target not found
Native extension for Android target not found
Mono: successfully reloaded assembly
- Finished resetting the current domain, in  1.446 seconds
Domain Reload Profiling: 2053ms
	BeginReloadAssembly (172ms)
		ExecutionOrderSort (0ms)
		DisableScriptedObjects (14ms)
		BackupInstance (0ms)
		ReleaseScriptingObjects (0ms)
		CreateAndSetChildDomain (34ms)
	RebuildCommonClasses (38ms)
	RebuildNativeTypeToScriptingClass (19ms)
	initialDomainReloadingComplete (41ms)
	LoadAllAssembliesAndSetupDomain (335ms)
		LoadAssemblies (400ms)
		RebuildTransferFunctionScriptingTraits (0ms)
		AnalyzeDomain (26ms)
			TypeCache.Refresh (9ms)
				TypeCache.ScanAssembly (0ms)
			ScanForSourceGeneratedMonoScriptInfo (0ms)
			ResolveRequiredComponents (15ms)
	FinalizeReload (1447ms)
		ReleaseScriptCaches (0ms)
		RebuildScriptCaches (0ms)
		SetupLoadedEditorAssemblies (726ms)
			LogAssemblyErrors (0ms)
			InitializePlatformSupportModulesInManaged (24ms)
			SetLoadedEditorAssemblies (5ms)
			RefreshPlugins (0ms)
			BeforeProcessingInitializeOnLoad (154ms)
			ProcessInitializeOnLoadAttributes (440ms)
			ProcessInitializeOnLoadMethodAttributes (93ms)
			AfterProcessingInitializeOnLoad (10ms)
			EditorAssembliesLoaded (0ms)
		ExecutionOrderSort2 (0ms)
		AwakeInstancesAfterBackupRestoration (26ms)
Refreshing native plugins compatible for Editor in 4.51 ms, found 5 plugins.
Preloading 0 native plugins for Editor in 0.00 ms.
Unloading 5924 Unused Serialized files (Serialized files now loaded: 0)
Unloading 64 unused Assets / (3.6 MB). Loaded Objects now: 6585.
Memory consumption went from 209.6 MB to 206.0 MB.
Total: 7.267200 ms (FindLiveObjects: 0.837700 ms CreateObjectMapping: 0.214500 ms MarkObjects: 4.423100 ms  DeleteObjects: 1.790100 ms)

Prepare: number of updated asset objects reloaded= 0
AssetImportParameters requested are different than current active one (requested -> active):
  custom:scripting/monoscript/fileName/ThreeLevelData.cs: ac3bf2d6e0caa9dbf9176f03d797c202 -> 
  custom:container-demuxer-ogg: 62fdf1f143b41e24485cea50d1cbac27 -> 
  custom:video-decoder-ogg-theora: a1e56fd34408186e4bbccfd4996cb3dc -> 
  custom:framework-win-MediaFoundation: 216162199b28c13a410421893ffa2e32 -> 
  custom:scripting/monoscript/fileName/ThreeChessMgr.cs: 1c5bb1d7785f67974b6012562a858968 -> 
  custom:CustomObjectIndexerAttribute: 72b91833f83ae208fae7752999fa3104 -> 
  custom:container-demuxer-webm: 4f35f7cbe854078d1ac9338744f61a02 -> 
  custom:container-muxer-webm: aa71ff27fc2769a1b78a27578f13a17b -> 
  custom:video-decoder-webm-vp8: 9c59270c3fd7afecdb556c50c9e8de78 -> 
  custom:SearchIndexIgnoredProperties: e643bd26f0fe6173181afceb89e7c659 -> 
  custom:scripting/monoscript/fileName/ThreeGameMgr.cs: 43062b3a6c01314a61d90c51eec72c7b -> 
  custom:AudioImporter_EditorPlatform: d09bf68614088b80899f8185d706f6e7 -> 
  custom:scripting/monoscript/fileName/BaseChess.cs: 7970febe537610e10dc1d8559bada4cd -> 
  custom:scripting/monoscript/fileName/BoardMgr.cs: 916dc321bec899e84da6ee739b074ed8 -> 
  custom:video-encoder-webm-vp8: eb34c28f22e8b96e1ab97ce403110664 -> 
  custom:audio-decoder-ogg-vorbis: bf7c407c2cedff20999df2af8eb42d56 -> 
  custom:scripting/monoscript/fileName/ThreeBoardMgr.cs: 579aecb69a281004d2e4bc037c88a076 -> 
  custom:audio-encoder-webm-vorbis: bf7c407c2cedff20999df2af8eb42d56 -> 
  custom:scripting/precompiled-assembly-types:Assembly-CSharp: bd9b6676f463b1bd6265ebccb2d21672 -> a5db5a0e506a1143112a7a8bcc82317c
========================================================================
Received Prepare
Caller must complete domain reload
Begin MonoManager ReloadAssembly
- Loaded All Assemblies, in  0.603 seconds
Native extension for WindowsStandalone target not found
Native extension for Android target not found
Mono: successfully reloaded assembly
- Finished resetting the current domain, in  1.432 seconds
Domain Reload Profiling: 2032ms
	BeginReloadAssembly (181ms)
		ExecutionOrderSort (0ms)
		DisableScriptedObjects (14ms)
		BackupInstance (0ms)
		ReleaseScriptingObjects (0ms)
		CreateAndSetChildDomain (38ms)
	RebuildCommonClasses (37ms)
	RebuildNativeTypeToScriptingClass (14ms)
	initialDomainReloadingComplete (36ms)
	LoadAllAssembliesAndSetupDomain (330ms)
		LoadAssemblies (400ms)
		RebuildTransferFunctionScriptingTraits (0ms)
		AnalyzeDomain (25ms)
			TypeCache.Refresh (8ms)
				TypeCache.ScanAssembly (0ms)
			ScanForSourceGeneratedMonoScriptInfo (0ms)
			ResolveRequiredComponents (14ms)
	FinalizeReload (1433ms)
		ReleaseScriptCaches (0ms)
		RebuildScriptCaches (0ms)
		SetupLoadedEditorAssemblies (726ms)
			LogAssemblyErrors (0ms)
			InitializePlatformSupportModulesInManaged (25ms)
			SetLoadedEditorAssemblies (5ms)
			RefreshPlugins (0ms)
			BeforeProcessingInitializeOnLoad (156ms)
			ProcessInitializeOnLoadAttributes (438ms)
			ProcessInitializeOnLoadMethodAttributes (90ms)
			AfterProcessingInitializeOnLoad (11ms)
			EditorAssembliesLoaded (0ms)
		ExecutionOrderSort2 (0ms)
		AwakeInstancesAfterBackupRestoration (27ms)
Refreshing native plugins compatible for Editor in 3.34 ms, found 5 plugins.
Preloading 0 native plugins for Editor in 0.00 ms.
Unloading 5924 Unused Serialized files (Serialized files now loaded: 0)
Unloading 64 unused Assets / (3.6 MB). Loaded Objects now: 6591.
Memory consumption went from 209.6 MB to 206.0 MB.
Total: 5.787000 ms (FindLiveObjects: 0.766000 ms CreateObjectMapping: 0.211000 ms MarkObjects: 3.187400 ms  DeleteObjects: 1.621500 ms)

Prepare: number of updated asset objects reloaded= 0
AssetImportParameters requested are different than current active one (requested -> active):
  custom:scripting/monoscript/fileName/ThreeLevelData.cs: ac3bf2d6e0caa9dbf9176f03d797c202 -> 
  custom:container-demuxer-ogg: 62fdf1f143b41e24485cea50d1cbac27 -> 
  custom:video-decoder-ogg-theora: a1e56fd34408186e4bbccfd4996cb3dc -> 
  custom:framework-win-MediaFoundation: 216162199b28c13a410421893ffa2e32 -> 
  custom:scripting/monoscript/fileName/ThreeChessMgr.cs: 1c5bb1d7785f67974b6012562a858968 -> 
  custom:CustomObjectIndexerAttribute: 72b91833f83ae208fae7752999fa3104 -> 
  custom:container-demuxer-webm: 4f35f7cbe854078d1ac9338744f61a02 -> 
  custom:container-muxer-webm: aa71ff27fc2769a1b78a27578f13a17b -> 
  custom:video-decoder-webm-vp8: 9c59270c3fd7afecdb556c50c9e8de78 -> 
  custom:SearchIndexIgnoredProperties: e643bd26f0fe6173181afceb89e7c659 -> 
  custom:scripting/monoscript/fileName/ThreeGameMgr.cs: 43062b3a6c01314a61d90c51eec72c7b -> 
  custom:AudioImporter_EditorPlatform: d09bf68614088b80899f8185d706f6e7 -> 
  custom:scripting/monoscript/fileName/BaseChess.cs: 7970febe537610e10dc1d8559bada4cd -> 
  custom:scripting/monoscript/fileName/BoardMgr.cs: 916dc321bec899e84da6ee739b074ed8 -> 
  custom:video-encoder-webm-vp8: eb34c28f22e8b96e1ab97ce403110664 -> 
  custom:audio-decoder-ogg-vorbis: bf7c407c2cedff20999df2af8eb42d56 -> 
  custom:scripting/monoscript/fileName/ThreeBoardMgr.cs: 579aecb69a281004d2e4bc037c88a076 -> 
  custom:audio-encoder-webm-vorbis: bf7c407c2cedff20999df2af8eb42d56 -> 
  custom:scripting/precompiled-assembly-types:Assembly-CSharp: bd9b6676f463b1bd6265ebccb2d21672 -> a5db5a0e506a1143112a7a8bcc82317c
========================================================================
Received Prepare
Caller must complete domain reload
Begin MonoManager ReloadAssembly
- Loaded All Assemblies, in  0.620 seconds
Native extension for WindowsStandalone target not found
Native extension for Android target not found
Mono: successfully reloaded assembly
- Finished resetting the current domain, in  1.442 seconds
Domain Reload Profiling: 2060ms
	BeginReloadAssembly (184ms)
		ExecutionOrderSort (0ms)
		DisableScriptedObjects (15ms)
		BackupInstance (0ms)
		ReleaseScriptingObjects (0ms)
		CreateAndSetChildDomain (37ms)
	RebuildCommonClasses (38ms)
	RebuildNativeTypeToScriptingClass (13ms)
	initialDomainReloadingComplete (38ms)
	LoadAllAssembliesAndSetupDomain (344ms)
		LoadAssemblies (384ms)
		RebuildTransferFunctionScriptingTraits (0ms)
		AnalyzeDomain (55ms)
			TypeCache.Refresh (13ms)
				TypeCache.ScanAssembly (0ms)
			ScanForSourceGeneratedMonoScriptInfo (25ms)
			ResolveRequiredComponents (15ms)
	FinalizeReload (1443ms)
		ReleaseScriptCaches (0ms)
		RebuildScriptCaches (0ms)
		SetupLoadedEditorAssemblies (734ms)
			LogAssemblyErrors (0ms)
			InitializePlatformSupportModulesInManaged (25ms)
			SetLoadedEditorAssemblies (5ms)
			RefreshPlugins (0ms)
			BeforeProcessingInitializeOnLoad (160ms)
			ProcessInitializeOnLoadAttributes (440ms)
			ProcessInitializeOnLoadMethodAttributes (91ms)
			AfterProcessingInitializeOnLoad (12ms)
			EditorAssembliesLoaded (0ms)
		ExecutionOrderSort2 (0ms)
		AwakeInstancesAfterBackupRestoration (26ms)
Refreshing native plugins compatible for Editor in 3.82 ms, found 5 plugins.
Preloading 0 native plugins for Editor in 0.00 ms.
Unloading 5924 Unused Serialized files (Serialized files now loaded: 0)
Unloading 64 unused Assets / (3.5 MB). Loaded Objects now: 6597.
Memory consumption went from 209.6 MB to 206.1 MB.
Total: 5.531400 ms (FindLiveObjects: 0.764100 ms CreateObjectMapping: 0.223000 ms MarkObjects: 2.815700 ms  DeleteObjects: 1.727500 ms)

Prepare: number of updated asset objects reloaded= 0
AssetImportParameters requested are different than current active one (requested -> active):
  custom:scripting/monoscript/fileName/ThreeLevelData.cs: ac3bf2d6e0caa9dbf9176f03d797c202 -> 
  custom:container-demuxer-ogg: 62fdf1f143b41e24485cea50d1cbac27 -> 
  custom:video-decoder-ogg-theora: a1e56fd34408186e4bbccfd4996cb3dc -> 
  custom:framework-win-MediaFoundation: 216162199b28c13a410421893ffa2e32 -> 
  custom:scripting/monoscript/fileName/ThreeChessMgr.cs: 1c5bb1d7785f67974b6012562a858968 -> 
  custom:CustomObjectIndexerAttribute: 72b91833f83ae208fae7752999fa3104 -> 
  custom:container-demuxer-webm: 4f35f7cbe854078d1ac9338744f61a02 -> 
  custom:container-muxer-webm: aa71ff27fc2769a1b78a27578f13a17b -> 
  custom:video-decoder-webm-vp8: 9c59270c3fd7afecdb556c50c9e8de78 -> 
  custom:SearchIndexIgnoredProperties: e643bd26f0fe6173181afceb89e7c659 -> 
  custom:scripting/monoscript/fileName/ThreeGameMgr.cs: 43062b3a6c01314a61d90c51eec72c7b -> 
  custom:AudioImporter_EditorPlatform: d09bf68614088b80899f8185d706f6e7 -> 
  custom:scripting/monoscript/fileName/BaseChess.cs: 7970febe537610e10dc1d8559bada4cd -> 
  custom:scripting/monoscript/fileName/BoardMgr.cs: 916dc321bec899e84da6ee739b074ed8 -> 
  custom:video-encoder-webm-vp8: eb34c28f22e8b96e1ab97ce403110664 -> 
  custom:audio-decoder-ogg-vorbis: bf7c407c2cedff20999df2af8eb42d56 -> 
  custom:scripting/monoscript/fileName/ThreeBoardMgr.cs: 579aecb69a281004d2e4bc037c88a076 -> 
  custom:audio-encoder-webm-vorbis: bf7c407c2cedff20999df2af8eb42d56 -> 
  custom:scripting/precompiled-assembly-types:Assembly-CSharp: bd9b6676f463b1bd6265ebccb2d21672 -> a5db5a0e506a1143112a7a8bcc82317c
========================================================================
Received Prepare
Caller must complete domain reload
Begin MonoManager ReloadAssembly
- Loaded All Assemblies, in  0.589 seconds
Native extension for WindowsStandalone target not found
Native extension for Android target not found
Mono: successfully reloaded assembly
- Finished resetting the current domain, in  1.390 seconds
Domain Reload Profiling: 1977ms
	BeginReloadAssembly (170ms)
		ExecutionOrderSort (0ms)
		DisableScriptedObjects (14ms)
		BackupInstance (0ms)
		ReleaseScriptingObjects (0ms)
		CreateAndSetChildDomain (34ms)
	RebuildCommonClasses (36ms)
	RebuildNativeTypeToScriptingClass (13ms)
	initialDomainReloadingComplete (35ms)
	LoadAllAssembliesAndSetupDomain (332ms)
		LoadAssemblies (368ms)
		RebuildTransferFunctionScriptingTraits (0ms)
		AnalyzeDomain (54ms)
			TypeCache.Refresh (13ms)
				TypeCache.ScanAssembly (0ms)
			ScanForSourceGeneratedMonoScriptInfo (25ms)
			ResolveRequiredComponents (14ms)
	FinalizeReload (1391ms)
		ReleaseScriptCaches (0ms)
		RebuildScriptCaches (0ms)
		SetupLoadedEditorAssemblies (726ms)
			LogAssemblyErrors (0ms)
			InitializePlatformSupportModulesInManaged (25ms)
			SetLoadedEditorAssemblies (6ms)
			RefreshPlugins (0ms)
			BeforeProcessingInitializeOnLoad (158ms)
			ProcessInitializeOnLoadAttributes (434ms)
			ProcessInitializeOnLoadMethodAttributes (93ms)
			AfterProcessingInitializeOnLoad (10ms)
			EditorAssembliesLoaded (0ms)
		ExecutionOrderSort2 (0ms)
		AwakeInstancesAfterBackupRestoration (26ms)
Refreshing native plugins compatible for Editor in 3.93 ms, found 5 plugins.
Preloading 0 native plugins for Editor in 0.00 ms.
Unloading 5924 Unused Serialized files (Serialized files now loaded: 0)
Unloading 64 unused Assets / (3.6 MB). Loaded Objects now: 6603.
Memory consumption went from 209.6 MB to 206.1 MB.
Total: 5.693500 ms (FindLiveObjects: 0.799100 ms CreateObjectMapping: 0.198400 ms MarkObjects: 3.046100 ms  DeleteObjects: 1.648400 ms)

Prepare: number of updated asset objects reloaded= 0
AssetImportParameters requested are different than current active one (requested -> active):
  custom:scripting/monoscript/fileName/ThreeLevelData.cs: ac3bf2d6e0caa9dbf9176f03d797c202 -> 
  custom:container-demuxer-ogg: 62fdf1f143b41e24485cea50d1cbac27 -> 
  custom:video-decoder-ogg-theora: a1e56fd34408186e4bbccfd4996cb3dc -> 
  custom:framework-win-MediaFoundation: 216162199b28c13a410421893ffa2e32 -> 
  custom:scripting/monoscript/fileName/ThreeChessMgr.cs: 1c5bb1d7785f67974b6012562a858968 -> 
  custom:CustomObjectIndexerAttribute: 72b91833f83ae208fae7752999fa3104 -> 
  custom:container-demuxer-webm: 4f35f7cbe854078d1ac9338744f61a02 -> 
  custom:container-muxer-webm: aa71ff27fc2769a1b78a27578f13a17b -> 
  custom:video-decoder-webm-vp8: 9c59270c3fd7afecdb556c50c9e8de78 -> 
  custom:SearchIndexIgnoredProperties: e643bd26f0fe6173181afceb89e7c659 -> 
  custom:scripting/monoscript/fileName/ThreeGameMgr.cs: 43062b3a6c01314a61d90c51eec72c7b -> 
  custom:AudioImporter_EditorPlatform: d09bf68614088b80899f8185d706f6e7 -> 
  custom:scripting/monoscript/fileName/BaseChess.cs: 7970febe537610e10dc1d8559bada4cd -> 
  custom:scripting/monoscript/fileName/BoardMgr.cs: 916dc321bec899e84da6ee739b074ed8 -> 
  custom:video-encoder-webm-vp8: eb34c28f22e8b96e1ab97ce403110664 -> 
  custom:audio-decoder-ogg-vorbis: bf7c407c2cedff20999df2af8eb42d56 -> 
  custom:scripting/monoscript/fileName/ThreeBoardMgr.cs: 579aecb69a281004d2e4bc037c88a076 -> 
  custom:audio-encoder-webm-vorbis: bf7c407c2cedff20999df2af8eb42d56 -> 
  custom:scripting/precompiled-assembly-types:Assembly-CSharp: bd9b6676f463b1bd6265ebccb2d21672 -> a5db5a0e506a1143112a7a8bcc82317c
========================================================================
Received Prepare
Caller must complete domain reload
Begin MonoManager ReloadAssembly
- Loaded All Assemblies, in  0.608 seconds
Native extension for WindowsStandalone target not found
Native extension for Android target not found
Mono: successfully reloaded assembly
- Finished resetting the current domain, in  1.487 seconds
Domain Reload Profiling: 2092ms
	BeginReloadAssembly (174ms)
		ExecutionOrderSort (0ms)
		DisableScriptedObjects (13ms)
		BackupInstance (0ms)
		ReleaseScriptingObjects (0ms)
		CreateAndSetChildDomain (35ms)
	RebuildCommonClasses (39ms)
	RebuildNativeTypeToScriptingClass (14ms)
	initialDomainReloadingComplete (37ms)
	LoadAllAssembliesAndSetupDomain (340ms)
		LoadAssemblies (407ms)
		RebuildTransferFunctionScriptingTraits (0ms)
		AnalyzeDomain (26ms)
			TypeCache.Refresh (9ms)
				TypeCache.ScanAssembly (0ms)
			ScanForSourceGeneratedMonoScriptInfo (0ms)
			ResolveRequiredComponents (15ms)
	FinalizeReload (1487ms)
		ReleaseScriptCaches (0ms)
		RebuildScriptCaches (0ms)
		SetupLoadedEditorAssemblies (748ms)
			LogAssemblyErrors (0ms)
			InitializePlatformSupportModulesInManaged (26ms)
			SetLoadedEditorAssemblies (6ms)
			RefreshPlugins (0ms)
			BeforeProcessingInitializeOnLoad (164ms)
			ProcessInitializeOnLoadAttributes (448ms)
			ProcessInitializeOnLoadMethodAttributes (94ms)
			AfterProcessingInitializeOnLoad (11ms)
			EditorAssembliesLoaded (0ms)
		ExecutionOrderSort2 (0ms)
		AwakeInstancesAfterBackupRestoration (27ms)
Refreshing native plugins compatible for Editor in 4.01 ms, found 5 plugins.
Preloading 0 native plugins for Editor in 0.00 ms.
Unloading 5924 Unused Serialized files (Serialized files now loaded: 0)
Unloading 64 unused Assets / (3.6 MB). Loaded Objects now: 6609.
Memory consumption went from 209.6 MB to 206.1 MB.
Total: 5.700700 ms (FindLiveObjects: 0.732000 ms CreateObjectMapping: 0.229000 ms MarkObjects: 2.908000 ms  DeleteObjects: 1.830000 ms)

Prepare: number of updated asset objects reloaded= 0
AssetImportParameters requested are different than current active one (requested -> active):
  custom:scripting/monoscript/fileName/ThreeLevelData.cs: ac3bf2d6e0caa9dbf9176f03d797c202 -> 
  custom:container-demuxer-ogg: 62fdf1f143b41e24485cea50d1cbac27 -> 
  custom:video-decoder-ogg-theora: a1e56fd34408186e4bbccfd4996cb3dc -> 
  custom:framework-win-MediaFoundation: 216162199b28c13a410421893ffa2e32 -> 
  custom:scripting/monoscript/fileName/ThreeChessMgr.cs: 1c5bb1d7785f67974b6012562a858968 -> 
  custom:CustomObjectIndexerAttribute: 72b91833f83ae208fae7752999fa3104 -> 
  custom:container-demuxer-webm: 4f35f7cbe854078d1ac9338744f61a02 -> 
  custom:container-muxer-webm: aa71ff27fc2769a1b78a27578f13a17b -> 
  custom:video-decoder-webm-vp8: 9c59270c3fd7afecdb556c50c9e8de78 -> 
  custom:SearchIndexIgnoredProperties: e643bd26f0fe6173181afceb89e7c659 -> 
  custom:scripting/monoscript/fileName/ThreeGameMgr.cs: 43062b3a6c01314a61d90c51eec72c7b -> 
  custom:AudioImporter_EditorPlatform: d09bf68614088b80899f8185d706f6e7 -> 
  custom:scripting/monoscript/fileName/BaseChess.cs: 7970febe537610e10dc1d8559bada4cd -> 
  custom:scripting/monoscript/fileName/BoardMgr.cs: 916dc321bec899e84da6ee739b074ed8 -> 
  custom:video-encoder-webm-vp8: eb34c28f22e8b96e1ab97ce403110664 -> 
  custom:audio-decoder-ogg-vorbis: bf7c407c2cedff20999df2af8eb42d56 -> 
  custom:scripting/monoscript/fileName/ThreeBoardMgr.cs: 579aecb69a281004d2e4bc037c88a076 -> 
  custom:audio-encoder-webm-vorbis: bf7c407c2cedff20999df2af8eb42d56 -> 
  custom:scripting/precompiled-assembly-types:Assembly-CSharp: bd9b6676f463b1bd6265ebccb2d21672 -> a5db5a0e506a1143112a7a8bcc82317c
